Date,Time,Run #,Energy (GeV),Angle (deg),"Bias HV1 (front, Ch 0-3, V))","Bias HV2 (back, Ch 4-7, V)",HV1 Current Avg (mA),HV2 Current Avg (mA),Table Position Hori (mm),Table Position Vert (mm),Crystal,# of Events,Si Telescope Run Number,Run Name,Bad Run,Good Data,Good (Telescope + Data),Notes,,
24/04/2024,14h36,53,5.8,90,33.5,37,,,0,20.5,BGO 2.5x2.5x18,997,6400,Table alignment scan - 5.8 GeV,0,1,1,"all si-data with ""thres6"" setting!",,
24/04/2024,14h43,54,5.8,90,33.5,37,,,0,15.3,BGO 2.5x2.5x18,1014,6402,Table alignment scan - 5.8 GeV,0,1,1,,,
24/04/2024,14h47,55,5.8,90,33.5,37,,,0,10.5,BGO 2.5x2.5x18,1001,6403,Table alignment scan - 5.8 GeV,0,1,1,,,
24/04/2024,14h52,56,5.8,90,33.5,37,,,0,0,BGO 2.5x2.5x18,992,6404,Table alignment scan - 5.8 GeV,1,0,0,"Both LG and HG files appear to be corrupted - run did not end, restarting GUI",,
24/04/2024,15h02,57,5.8,90,33.5,37,,,0,25,BGO 2.5x2.5x18,475,6405,Table alignment scan - 5.8 GeV,0,1,1,,,
24/04/2024,15h04,58,5.8,90,33.5,37,,,0,30,BGO 2.5x2.5x18,520,6406,Table alignment scan - 5.8 GeV,0,1,1,,,
24/04/2024,15h07,59,5.8,90,33.5,37,,,0,20.4,BGO 2.5x2.5x18,468,6407,Table alignment scan - 5.8 GeV,0,1,1,,,
24/04/2024,15h14,60,5.8,90,33.5,37,,,0,-20,BGO 2.5x2.5x18,466,6408,Table alignment scan - 5.8 GeV,0,1,1,,,
24/04/2024,15h17,61,5.8,90,33.5,37,,,0,-25,BGO 2.5x2.5x18,580,6409,Table alignment scan - 5.8 GeV,0,1,1,,,
24/04/2024,15h19,62,5.8,90,33.5,37,,,0,-15.1,BGO 2.5x2.5x18,551,6410,Table alignment scan - 5.8 GeV,0,1,1,,,
24/04/2024,15h21,63,5.8,90,33.5,37,,,0,-10.2,BGO 2.5x2.5x18,578,6411,Table alignment scan - 5.8 GeV,0,1,1,,,
24/04/2024,15h24,64,5.8,90,33.5,37,,,0,-5.2,BGO 2.5x2.5x18,509,6412,Table alignment scan - 5.8 GeV,0,1,1,,,
24/04/2024,15h27,65,1,90,33.5,37,,,0,-14.8,BGO 2.5x2.5x18,3800,6413,Table alignment scan - 1 GeV,0,1,1,,,
24/04/2024,15h29,66,1,90,33.5,37,,,0,-20.2,BGO 2.5x2.5x18,4185,6414,Table alignment scan - 1 GeV,0,1,1,,,
24/04/2024,15h31,67,1,90,33.5,37,,,0,-25,BGO 2.5x2.5x18,3693,6415,Table alignment scan - 1 GeV,0,1,1,,,
24/04/2024,15h34,68,1,90,33.5,37,,,0,-10.3,BGO 2.5x2.5x18,4196,6416,Table alignment scan - 1 GeV,0,1,1,,,
24/04/2024,16h00,69,1,90,32.5,32.5,0.0035,0.0035,0,-15,BGO 2.5x2.5x18,22217,6417,Over Voltage Scan - New Origin,0,1,1,No visible signal for Ch 4-7,,
24/04/2024,16h37,70,1,90,33.5,33.5,0.05,0.05,0,-15,BGO 2.5x2.5x18,22573,6418,Over Voltage Scan - New Origin,0,1,1,HG started to saturate (w/o filter),,
24/04/2024,16h40,71,1,90,34.5,34.5,0.005,0.005,0,-15,BGO 2.5x2.5x18,22706,6419,Over Voltage Scan - New Origin,0,1,1,Ch 5 likely not dead,,
24/04/2024,16h44,72,1,90,35.5,35.5,0.04,0.01,0,-15,BGO 2.5x2.5x18,22377,6420,Over Voltage Scan - New Origin,0,1,1,Pulse height for Ch 4 ~ 60,,
24/04/2024,16h50,73,1,90,36.5,36.5,0.02,0.007,0,-15,BGO 2.5x2.5x18,22106,6421,Over Voltage Scan - New Origin,0,1,1,"HV1 tripped, pulse height for Ch 4 ~ 150",,
24/04/2024,17h23,74,1,90,33.5,37,0.1,0.03,0,-15,BGO 2.5x2.5x18,27940,6423,Over Voltage Scan - New Origin,0,1,1,,,
24/04/2024,17h29,75,1,90,33.5,37.5,0.01,0.01,0,-15,BGO 2.5x2.5x18,24433,6424,Over Voltage Scan - New Origin,0,1,1,,,
24/04/2024,17h39,76,1,90,33.5,37,,,0,0,BGO 2.5x2.5x18,24059,6425,"Energy scan with HV1=33.5 V, HV2=37V",0,1,1,Event rate is 300 Hz,,
24/04/2024,17h42,77,2,90,33.5,37,,,0,0,BGO 2.5x2.5x18,27145,6426,"Energy scan with HV1=33.5 V, HV2=37V",0,1,1,400 Hz,,
24/04/2024,17h44,78,3,90,33.5,37,,,0,0,BGO 2.5x2.5x18,24142,6427,"Energy scan with HV1=33.5 V, HV2=37V",0,1,1,"360 Hz, some events starting to saturate for Ch 4 (w filter)",,
24/04/2024,17h49,79,4,90,33.5,37,,,0,0,BGO 2.5x2.5x18,36766,6428,"Energy scan with HV1=33.5 V, HV2=37V",0,1,1,270 Hz,,
24/04/2024,17h54,80,5,90,33.5,37,,,0,0,BGO 2.5x2.5x18,23757,6429,"Energy scan with HV1=33.5 V, HV2=37V",0,1,1,150 Hz,,
24/04/2024,17h 59,81,5.8,90,33.5,37,,,0,0,BGO 2.5x2.5x18,?,6430,"Energy scan with HV1=33.5 V, HV2=37V",1,0,0,"10 Hz, GUI window froze (ssh issue?), restarted the run",,
24/04/2024,18h 07,82,5.8,90,33.5,37,,,0,0,BGO 2.5x2.5x18,12810,6431,"Energy scan with HV1=33.5 V, HV2=37V",0,1,1,,,
Angle scan with above HV and beam energy = 2GeV,0,0,0,0,0,0,0,0,0,0,0,0,0,0,0,0,0,0,,
24/04/2024,18h36,83,2,90,33.5,37,,,0,0,BGO 2.5x2.5x18,,6432,Angle scan with above HV and beam energy = 2GeV,0,1,0,"50000 is the max, so the trigger and the GUI counts are out of sync",,
24/04/2024,18h41,84,2,90,33.5,37,,,0,0,BGO 2.5x2.5x18,58853,6433,Angle scan with above HV and beam energy = 2GeV,0,1,1,,,
24/04/2024,19h11,85,2,80,33.5,37,,,0,0,BGO 2.5x2.5x18,52344,6434,Angle scan with above HV and beam energy = 2GeV,0,1,1,"Problem with crystal name in the (json) files starting from this run, change file name manually",,
24/04/2024,19h15,86,2,80,33.5,37,,,0,0,BGO 2.5x2.5x18,43070,6435,Angle scan with above HV and beam energy = 2GeV,0,1,1,,,
24/04/2024,19h24,87,2,85,33.5,37,,,0,0,BGO 2.5x2.5x18,41411,6436,Angle scan with above HV and beam energy = 2GeV,0,1,1,,,
24/04/2024,19h28,88,2,85,33.5,37,,,0,0,BGO 2.5x2.5x18,44116,6437,Angle scan with above HV and beam energy = 2GeV,0,1,1,,,
24/04/2024,,89,2,75,33.5,37,,,0,0,BGO 2.5x2.5x18,,,Angle scan with above HV and beam energy = 2GeV,1,0,0,Accidentally started without changing SiPM bias to appropriate value,,
24/04/2024,19h38,90,2,75,33.5,37,,,0,0,BGO 2.5x2.5x18,44193,6438,Angle scan with above HV and beam energy = 2GeV,0,1,1,,,
24/04/2024,19h42,91,2,75,33.5,37,,,0,0,BGO 2.5x2.5x18,44314,6439,Angle scan with above HV and beam energy = 2GeV,0,1,1,,,
24/04/2024,19h51,92,2,70,33.5,37,,,0,0,BGO 2.5x2.5x18,46126,6440,Angle scan with above HV and beam energy = 2GeV,0,1,1,% Saturation eventwise starting to reduce for channels w/o filter,,
24/04/2024,19h56,93,2,70,33.5,37,,,0,0,BGO 2.5x2.5x18,44594,6441,Angle scan with above HV and beam energy = 2GeV,0,1,1,,,
24/04/2024,20h04,94,2,60,33.5,37,,,0,0,BGO 2.5x2.5x18,44543,6442,Angle scan with above HV and beam energy = 2GeV,0,1,1,,,
24/04/2024,20h07,95,2,60,33.5,37,,,0,0,BGO 2.5x2.5x18,?,6443,Angle scan with above HV and beam energy = 2GeV,1,0,0,Discarded because GUI froze again,,
24/04/2024,20h12,96,2,60,33.5,37,,,0,0,BGO 2.5x2.5x18,44246,6444,Angle scan with above HV and beam energy = 2GeV,0,1,0,"1 event mismatch in the HG file (only 44245 events) and LG file is fine, crystal name is wrong (PbF2 6 cm instead of BGO 18 cm, also Broadcom but with no back filter)",,
24/04/2024,20h24,97,2,30,33.5,37,,,0,0,BGO 2.5x2.5x18,43550,6445,Angle scan with above HV and beam energy = 2GeV,0,1,1,,,
24/04/2024,20h28,98,2,30,33.5,37,,,0,0,BGO 2.5x2.5x18,42252,6446,Angle scan with above HV and beam energy = 2GeV,0,1,1,,,
24/04/2024,20h38,99,2,0,33.5,37,,,0,0,BGO 2.5x2.5x18,46833,6447,Angle scan with above HV and beam energy = 2GeV,0,1,1,,,
24/04/2024,20h41,100,2,0,33.5,37,,,0,0,BGO 2.5x2.5x18,46027,6448,Angle scan with above HV and beam energy = 2GeV,0,1,0,"One event mismatch in LG file (only 46026 events), mostly discard",,
24/04/2024,20h45,101,2,0,33.5,37,,,0,0,BGO 2.5x2.5x18,41913,6449,Angle scan with above HV and beam energy = 2GeV,0,1,1,,,
24/04/2024,21h03,102,2,-30,33.5,37,,,0,0,BGO 2.5x2.5x18,51134,6450,Angle scan with above HV and beam energy = 2GeV,0,1,1,,,
24/04/2024,21h08,103,2,-30,33.5,37,,,0,0,BGO 2.5x2.5x18,43091,6451,Angle scan with above HV and beam energy = 2GeV,0,1,1,,,
24/04/2024,21h20,104,2,-60,33.5,37,,,0,0,BGO 2.5x2.5x18,43205,6452,Angle scan with above HV and beam energy = 2GeV,0,1,1,,,
24/04/2024,21h24,105,2,-60,33.5,37,,,0,0,BGO 2.5x2.5x18,?,6453,Angle scan with above HV and beam energy = 2GeV,1,0,0,Discarded because GUI frozen,,
24/04/2024,21h28,106,2,-60,33.5,37,,,0,0,BGO 2.5x2.5x18,45047,6454,Angle scan with above HV and beam energy = 2GeV,0,1,1,,,
24/04/2024,22h11,107,2,-70,33.5,37,,,0,0,BGO 2.5x2.5x18,45079,6455,Angle scan with above HV and beam energy = 2GeV,0,1,0,"One event mismatch in LG file (only 45078 events), potentially out of sync earlier",,
24/04/2024,22h15,108,2,-70,33.5,37,,,0,0,BGO 2.5x2.5x18,44129,6456,Angle scan with above HV and beam energy = 2GeV,0,1,1,,,
24/04/2024,22h18,109,2,-70,33.5,37,,,0,0,BGO 2.5x2.5x18,20750,6457,Angle scan with above HV and beam energy = 2GeV,0,1,1,,,
24/04/2024,22h30,110,2,-75,33.5,37,,,0,0,BGO 2.5x2.5x18,43537,6458,Angle scan with above HV and beam energy = 2GeV,0,1,1,,,
24/04/2024,22h34,111,2,-75,33.5,37,,,0,0,BGO 2.5x2.5x18,43426,6459,Angle scan with above HV and beam energy = 2GeV,0,1,1,,,
24/04/2024,22h41,112,2,-80,33.5,37,,,0,0,BGO 2.5x2.5x18,44771,6460,Angle scan with above HV and beam energy = 2GeV,0,1,1,,,
24/04/2024,22h44,113,2,-80,33.5,37,,,0,0,BGO 2.5x2.5x18,42770,6461,Angle scan with above HV and beam energy = 2GeV,0,1,1,,,
24/04/2024,22h56,114,2,-85,33.5,37,,,0,0,BGO 2.5x2.5x18,43178,6462,Angle scan with above HV and beam energy = 2GeV,0,1,1,,,
24/04/2024,22h59,115,2,-85,33.5,37,,,0,0,BGO 2.5x2.5x18,42810,6463,Angle scan with above HV and beam energy = 2GeV,0,1,0,"seem to out of sync, telescope has adidtional",,
24/04/2025,23h02,116,2,-85,33.5,37,,,0,0,BGO 2.5x2.5x18,?,6464,Angle scan with above HV and beam energy = 2GeV,1,0,0,killed because GUI fro,,
24/04/2026,,117,2,-85,33.5,37,,,0,0,BGO 2.5x2.5x18,?,,Angle scan with above HV and beam energy = 2GeV,1,0,0,"bad, didnt disable DAQ",,
24/04/2027,,118,2,-85,33.5,37,,,0,0,BGO 2.5x2.5x18,?,6465,Angle scan with above HV and beam energy = 2GeV,0,1,0,"bad, may have jumped the telescope",,
24/04/2028,,119,2,-85,33.5,37,,,0,0,BGO 2.5x2.5x18,35003,6466,Angle scan with above HV and beam energy = 2GeV,0,1,1,,,
24/024/2024,23h15,120,2,-90,33.5,37,,,0,0,BGO 2.5x2.5x18,43585,6467,Angle scan with above HV and beam energy = 2GeV,1,0,0,gui will not kill run - run corrupted,,
24/024/2025,23h21,121,2,-90,33.5,37,,,0,0,BGO 2.5x2.5x18,43361,6468,Angle scan with above HV and beam energy = 2GeV,0,1,1,,,
24/024/2026,23h25,122,2,-90,33.5,37,,,0,0,BGO 2.5x2.5x18,42460,6469,Angle scan with above HV and beam energy = 2GeV,0,1,1,,,
25/04/2024,,123,2,-90,33.5,33.5,,,0,0,BGO 2.5x2.5x18,?,?,BGO filterless run,1,0,0,"bad, error in daq, gui hung",,
25/04/2024,00h06,124,2,-90,33.5,33.5,,,0,0,BGO 2.5x2.5x18,?,?,BGO filterless run,0,1,0,daq wasnt disable,,
25/04/2024,00h06,125,2,-90,33.5,33.5,,,0,0,BGO 2.5x2.5x18,?,?,BGO filterless run,0,1,1,humidty sensor unavailable?,,
25/04/2024,00h09,126,2,-90,33.5,33.5,,,0,0,BGO 2.5x2.5x18,33322,6470,BGO filterless run,0,1,1,,,
25/04/2024,00h12,127,2,-90,33.5,33.5,,,0,0,BGO 2.5x2.5x18,31490,6471,BGO filterless run,0,1,1,,,
25/04/2024,00h24,128,2,-45,33.5,33.5,,,0,0,BGO 2.5x2.5x18,33086,6472,BGO filterless run,0,1,1,,,
25/04/2024,00h26,129,2,-45,33.5,33.5,,,0,0,BGO 2.5x2.5x18,32105,6473,BGO filterless run,1,0,0,"gui froze with running job at exit, reset the gui (in calibration tab)",,
25/04/2024,00h33,130,2,-45,33.5,33.5,,,0,0,BGO 2.5x2.5x18,29385,6474,BGO filterless run,0,1,1,,,
25/04/2024,00h49,131,2,0,33.5,33.5,,,0,0,BGO 2.5x2.5x18,?,6475,BGO filterless run,1,0,0,"bias was off, grace thought it was on",,
25/04/2024,00h50,132,2,0,33.5,33.5,,,0,0,BGO 2.5x2.5x18,36739,6476,BGO filterless run,0,1,1,,,
25/04/2024,00h53,133,2,0,33.5,33.5,,,0,0,BGO 2.5x2.5x18,37171,6477,BGO filterless run,0,1,1,,,
25/04/2024,01h06,134,2,45,33.5,33.5,,,0,0,BGO 2.5x2.5x18,31837,6478,BGO filterless run,0,1,1,,,
25/04/2024,01h07,135,2,45,33.5,33.5,,,0,0,BGO 2.5x2.5x18,34519,6479,BGO filterless run,0,1,1,,,
25/04/2024,01h17,136,2,90,33.5,33.5,,,0,0,BGO 2.5x2.5x18,,6480,BGO filterless run,0,1,0,run was ended before trigger was disabled,,
25/04/2024,01h20,137,2,90,33.5,33.5,,,0,0,BGO 2.5x2.5x18,34155,6481,BGO filterless run,0,1,1,,,
25/04/2024,01h25,138,2,90,33.5,33.5,,,0,0,BGO 2.5x2.5x18,38134,6482,BGO filterless run,0,1,1,,,
25/04/2024,1h57,139,2,90,33.5,33.5,,,low,low,calibration,,-,Calibration,1,0,0,"test, no trigger",,
25/04/2024,2h11,140,2,90,33.5,33.5,,,low,low,calibration,,,Calibration,0,1,1,,,
25/04/2024,2h45,146,-,-,35,35,,,low,low,LED calibration,"50000",-,Calibration,0,1,1,very low light,,
25/04/2024,2h56,147,-,-,35,35,,,low,low,LED calibration,"39865",-,Calibration,0,1,1,very low light,,
25/04/2024,4h51,147,2,0,35,35,,,0,0,DSB-3 2x2x15,41508,6484,DSB Filterless,0,1,1,test run after first time cyrstal installation. low signal in low gain channels,,
25/04/2024,05h07,150,2,0,37,37,,,0,0,DSB-3 2x2x15,33506,6488,DSB Filterless,0,1,1,"changed sipm bias, better LG pulse",,
25/04/2024,5h42,154,2,30,37,37,,,0,0,DSB-3 2x2x15,46481,6490,DSB Filterless,0,1,0,2 extra counts compared with scaler during Trigger inhit toggling.,,
25/04/2024,6h24,155,2,30,37,37,,,0,0,DSB-3 2x2x15,43057,6491,DSB Filterless,0,1,1,,,
25/04/2024,7h11,156,2,60,37,37,,,0,0,DSB-3 2x2x15,44180,6492,DSB Filterless,0,1,1,,,
25/04/2024,7h15,157,2,60,37,37,,,0,0,DSB-3 2x2x15,33450,6493,DSB Filterless,1,0,0,"Calvision DAQ didn't stop after click ""End Run""",,
25/04/2024,7h20,158,2,60,37,37,,,0,0,DSB-3 2x2x15,44208,6494,DSB Filterless,0,1,1,,,
25/04/2024,7h41,159,2,70,37,37,,,0,0,DSB-3 2x2x15,48460,6495,DSB Filterless,1,0,0,HV1 tripped again with 0.7mA current. Bad run,,
25/04/2024,7h41,161,2,70,37,37,,,0,0,DSB-3 2x2x15,49633,6496,DSB Filterless,1,0,0,"Calvision DAQ has 49632. Calvision DAQ didn't stop after click ""End Run"". Root file corrupted",,
25/04/2024,7h50,163,2,70,36,37,,,0,0,DSB-3 2x2x15,39868,6498,DSB Filterless,0,1,0,Give up the struggle. Lower HV1. HV2 side data still useful,,
25/04/2024,9h57,164,2,-30,37,37,,,0,0,DSB-3 2x2x15,?,,DSB Filterless,0,1,0,daq was not disabled,,
25/04/2024,10h00,165,2,-30,37,37,,,0,0,DSB-3 2x2x15,38805,6499,DSB Filterless,0,1,1,channel 4 HG still there,,
25/04/2024,10h03,166,2,-30,37,37,,,0,0,DSB-3 2x2x15,32956,6500,DSB Filterless,0,1,0,telescope 1 event mismatch wrt LG and HG--> bad?,,
25/04/2024,10h05,167,2,-30,37,37,,,0,0,DSB-3 2x2x15,27382,6501,DSB Filterless,0,1,1,"no channel 4 HG, channel 1 HG for which the cable was pinched is still fine though",,
25/04/2024,10h24,168,2,-60,37,37,,,0,0,DSB-3 2x2x15,43270,6502,DSB Filterless,1,0,0,"GUI glitch, run did not stop.",,
25/04/2024,10h33,169,2,-60,37,37,,,0,0,DSB-3 2x2x15,34350,6503,DSB Filterless,0,1,1,"High gain seems to have two dead channels, Channel 4",,
25/04/2024,10h44,170,2,-60,37,37,,,0,0,DSB-3 2x2x15,?,6504,DSB Filterless,1,0,0,"GUI glitch, run did not stop.",,
25/04/2024,10h48,171,2,-60,37,37,,,0,0,DSB-3 2x2x15,32494,6505,DSB Filterless,0,1,0,one event more in the telescope,,
25/04/2024,11h08,172,2,-70,37,37,,,0,0,DSB-3 2x2x15,?,6506,DSB Filterless,1,0,0,"GUI glitch, run did not stop.",,
25/04/2024,11h11,173,2,-70,37,37,,,0,0,DSB-3 2x2x15,?,6507,DSB Filterless,1,0,0,HV1 and HV2 both tripped,,
25/04/2024,11h16,174,2,-70,35,35,,,0,0,DSB-3 2x2x15,27780,6508,DSB Filterless,0,1,1,,,
25/04/2024,11h17,175,2,-70,35,35,,,0,0,DSB-3 2x2x15,46053,6509,DSB Filterless,0,1,1,,,
25/04/2024,11h37,176,2,-90,32.5,32.5,,,0,0,DSB-3 2x2x15,?,6510,DSB Bias Voltage scan,1,0,0,"Discard, DAQ Control froze, restarting GUI",,
25/04/2024,11h41,177,2,-90,32.5,32.5,,,0,0,DSB-3 2x2x15,24020,6511,DSB Bias Voltage scan,0,1,1,,,
25/04/2024,11h44,178,2,-90,33.5,33.5,,,0,0,DSB-3 2x2x15,24854,6512,DSB Bias Voltage scan,0,1,1,,,
25/04/2024,11h46,179,2,-90,34.5,34.5,,,0,0,DSB-3 2x2x15,24231,6513,DSB Bias Voltage scan,0,1,1,,,
25/04/2024,11h48,180,2,-90,35,35,,,0,0,DSB-3 2x2x15,?,6514,DSB Bias Voltage scan,1,0,0,"HV2 tripped, running for 34.5 V again",,
25/04/2024,11h50,181,2,-90,34.5,34.5,,,0,0,DSB-3 2x2x15,27450,6515,DSB Bias Voltage scan,0,1,1,"This did not trip, fixing this value",,
25/04/2024,12h45,182,2,-90,34.5,37,,,0,0,DSB-3 2x2x15,38127,6516,DSB w/ RG64 1 mm Filter Angle Run,0,1,1,"channel 4 high gain is back, channel 5 completely lost",,
25/04/2024,12h50,183,2,-90,34.5,37,,,0,0,DSB-3 2x2x15,34624,6517,DSB w/ RG64 1 mm Filter Angle Run,0,1,1,,,
25/04/2024,14h03,184,2,-90,34.5,37,,,0,0,DSB-3 2x2x15,36172,6518,DSB w/ RG64 1 mm Filter Angle Run,0,1,1,Ch 4 HG lost again,,
25/04/2024,14h32,185,2,-90,34.5,37,,,0,0,DSB-3 2x2x15,37945,6519,DSB w/ RG64 1 mm Filter Angle Run,0,1,1,Ch 4 HG back,,
25/04/2024,14h35,186,2,-90,34.5,37,,,0,0,DSB-3 2x2x15,34145,6520,DSB w/ RG64 1 mm Filter Angle Run,0,1,1,,,
25/04/2024,15h05,187,2,-60,34.5,37,,,0,0,DSB-3 2x2x15,33035,6521,DSB w/ RG64 1 mm Filter Angle Run,0,1,1,"Ch 5 LG dead again, Ch 5 HG having alignment issues",,
25/04/2024,15h07,188,2,-60,34.5,37,,,0,0,DSB-3 2x2x15,33478,6522,DSB w/ RG64 1 mm Filter Angle Run,0,1,1,,,
25/04/2024,15h11,189,2,-60,34.5,37,,,0,0,DSB-3 2x2x15,38227,6523,DSB w/ RG64 1 mm Filter Angle Run,0,1,1,,,
25/04/2024,15h42,190,2,-30,34.5,37,,,0,0,DSB-3 2x2x15,32305,6524,DSB w/ RG64 1 mm Filter Angle Run,0,1,1,,,
25/04/2024,15h46,191,2,-30,34.5,37,,,0,0,DSB-3 2x2x15,?,6525,DSB w/ RG64 1 mm Filter Angle Run,1,0,0,"Discarded, GUI froze",,
25/04/2024,15h50,192,2,-30,34.5,37,,,0,0,DSB-3 2x2x15,33317,6526,DSB w/ RG64 1 mm Filter Angle Run,0,1,1,,,
25/04/2024,16h05,193,2,0,34.5,37,,,0,0,DSB-3 2x2x15,31635,6527,DSB w/ RG64 1 mm Filter Angle Run,0,1,1,Very small signal for Ch 4-7 LG,,
25/04/2024,16h08,194,2,0,34.5,37,,,0,0,DSB-3 2x2x15,33203,6528,DSB w/ RG64 1 mm Filter Angle Run,0,1,1,,,
25/04/2024,16h23,195,2,30,34.5,37,,,0,0,DSB-3 2x2x15,32073,6529,DSB w/ RG64 1 mm Filter Angle Run,0,1,1,,,
25/04/2024,16h25,196,2,30,34.5,37,,,0,0,DSB-3 2x2x15,31899,6530,DSB w/ RG64 1 mm Filter Angle Run,0,1,1,,,
25/04/2024,16h42,197,2,60,34.5,37,,,0,0,DSB-3 2x2x15,34892,6531,DSB w/ RG64 1 mm Filter Angle Run,0,1,1,,,
25/04/2024,16h45,198,2,60,34.5,37,,,0,0,DSB-3 2x2x15,32504,6532,DSB w/ RG64 1 mm Filter Angle Run,0,1,1,,,
25/04/2024,17h00,199,2,90,34.5,37,,,0,0,DSB-3 2x2x15,32611,6533,DSB w/ RG64 1 mm Filter Angle Run,0,1,1,,,
25/04/2024,17h02,200,2,90,34.5,37,,,0,0,DSB-3 2x2x15,32501,6534,DSB w/ RG64 1 mm Filter Angle Run,0,1,1,,,
25/04/2024,17h10,201,1,90,34.5,37,,,0,0,DSB-3 2x2x15,32087,6535,"Energy scan DSB with HV1=34.5 V, HV2=37V",0,1,1,,,
25/04/2024,17h13,202,2,90,34.5,37,,,0,0,DSB-3 2x2x15,32699,6536,"Energy scan DSB with HV1=34.5 V, HV2=37V",0,1,1,,,
25/04/2024,17h15,203,3,90,34.5,37,,,0,0,DSB-3 2x2x15,44129,6537,"Energy scan DSB with HV1=34.5 V, HV2=37V",0,1,1,,,
25/04/2024,17h20,204,4,90,34.5,37,,,0,0,DSB-3 2x2x15,?,6538,"Energy scan DSB with HV1=34.5 V, HV2=37V",1,0,0,"GUI froze again, discarded",,
25/04/2024,17h28,205,4,90,34.5,37,,,0,0,DSB-3 2x2x15,31179,6539,"Energy scan DSB with HV1=34.5 V, HV2=37V",0,1,1,,,
25/04/2024,17h30,206,5,90,34.5,37,,,0,0,DSB-3 2x2x15,32008,6540,"Energy scan DSB with HV1=34.5 V, HV2=37V",0,1,1,,,
25/04/2024,17h38,207,5.8,90,34.5,37,,,0,0,DSB-3 2x2x15,23699,6541,"Energy scan DSB with HV1=34.5 V, HV2=37V",0,1,1,,,
25/04/2024,19:00,214,-,0,35,35,,,-,-,-,,-,Broadcom SiPM LED Calibration run,0,1,1,FRONT (low light) LED 1.45V BJT 58V,,
25/04/2024,19:30,215,-,0,35,35,,,-,-,-,,-,Broadcom SiPM LED Calibration run,0,1,1,FRONT (high light) LED 1.6V BJT 58V,,
25/04/2024,20:00,216,-,0,33.5,33.5,,,-,-,-,,-,Broadcom SiPM LED Calibration run,0,1,1,FRONT (low light) LED 1.45V BJT 58V,,
25/04/2024,20:15,217,-,0,33.5,33.5,,,-,-,-,,-,Broadcom SiPM LED Calibration run,0,1,1,FRONT LED 1.5V BJT 58V,,
25/04/2024,20:27,218,-,0,33.5,33.5,,,-,-,-,,-,Broadcom SiPM LED Calibration run,0,1,1,FRONT LED 1.55V BJT 58V,,
25/04/2024,20:28,219,-,0,37,37,,,-,-,-,,-,Broadcom SiPM LED Calibration run,0,1,1,FRONT (low light) LED 1.45V BJT 58V,,
25/04/2024,20:35,220,-,0,37,37,,,-,-,-,,-,Broadcom SiPM LED Calibration run,0,1,1,FRONT (high light) LED 1.6V BJT 58V,,
25/04/2024,20:40,221,-,0,33.5,33.5,,,-,-,-,,-,Broadcom SiPM LED Calibration run,0,1,1,FRONT (high light) LED 1.6V BJT 58V,,
25/04/2024,20:41,222,-,0,33.5,33.5,,,-,-,-,,-,Broadcom SiPM LED Calibration run,0,1,1,FRONT (high light) LED 1.65V BJT 58V,,
25/04/2024,20:48,223,-,0,37,37,,,-,-,-,,-,Broadcom SiPM LED Calibration run,0,1,1,Rear (low light) LED 1.45V BJT 58V,,
25/04/2024,20:52,224,-,0,37,37,,,-,-,-,,-,Broadcom SiPM LED Calibration run,0,1,1,Rear (low light) LED 1.42V BJT 58V,,
25/04/2024,20:56,225,-,0,35,35,,,-,-,-,,-,Broadcom SiPM LED Calibration run,0,1,1,Rear (low light) LED 1.45V BJT 58V,,
25/04/2024,21:02,226,-,0,33.5,33.5,,,-,-,-,,-,Broadcom SiPM LED Calibration run,0,1,1,Rear (low light) LED 1.45V BJT 58V,,
25/04/2024,21:06,228,-,0,33.5,33.5,,,-,-,-,,-,Broadcom SiPM LED Calibration run,0,1,1,Rear (low light) LED 1.5V BJT 58V,,
25/04/2024,21:13,229,-,0,33.5,33.5,,,-,-,-,,-,Broadcom SiPM LED Calibration run,0,1,1,Rear (high light) LED 1.65V BJT 58V,,
25/04/2024,21:14,230,-,0,33.5,33.5,,,-,-,-,,-,Broadcom SiPM LED Calibration run,0,1,1,Rear (high light) LED 1.7V BJT 58V,,
25/04/2024,21:15,231,-,0,33.5,33.5,,,-,-,-,,-,Broadcom SiPM LED Calibration run,0,1,1,Rear (high light) LED 1.8V BJT 58V,,
25/04/2024,21:17,232,-,0,35,35,,,-,-,-,,-,Broadcom SiPM LED Calibration run,0,1,1,Rear (high light) LED 1.65V BJT 58V,,
25/04/2024,21:20,233,-,0,37,37,,,-,-,-,,-,Broadcom SiPM LED Calibration run,0,1,1,Rear (high light) LED 1.65V BJT 58V,,
25/04/2024,21:2,234,-,0,37,37,,,-,-,-,,-,Broadcom SiPM LED Calibration run,0,1,1,Rear (high light) LED 1.6V BJT 58V,,
25/04/2024,22h35,235,2,90,33.5,37,,,0,0,PWO 20x20x200 mm,40908,6542,PWO 20 cm w/ R64 angle scan,0,1,0,"out of sync by one with the telescope, Channel 4 high gain gone, Channel 5 looks like noise - but dark counts, Channel 6 dead from before",,
25/04/2024,22h44,236,2,90,33.5,37,,,0,0,PWO 20x20x200 mm,31085,6543,PWO 20 cm w/ R64 angle scan,1,0,0,"sipm bias is fixed , GUI frozen",,
25/04/2024,22h51,237,2,90,33.5,37,,,0,0,PWO 20x20x200 mm,33103,6544,PWO 20 cm w/ R64 angle scan,0,1,1,,,
25/04/2024,22h54,238,2,90,33.5,37,,,0,0,PWO 20x20x200 mm,41917,6545,PWO 20 cm w/ R64 angle scan,0,1,1,,,
25/04/2024,23h09,239,2,80,33.5,37,,,0,0,PWO 20x20x200 mm,32867,6546,PWO 20 cm w/ R64 angle scan,0,1,1,"channels did not cme back after discharge, channel 4 did on high gain",,
25/04/2024,23h11,240,2,80,33.5,37,,,0,0,PWO 20x20x200 mm,33611,6547,PWO 20 cm w/ R64 angle scan,0,1,1,channels did not cme back after discharge,,
25/04/2024,23h19,241,2,60,33.5,37,,,0,0,PWO 20x20x200 mm,31543,6548,PWO 20 cm w/ R64 angle scan,0,1,1,the angle is not updated on the GUI,,
25/04/2024,23h25,242,2,60,33.5,37,,,0,0,PWO 20x20x200 mm,31674,6549,PWO 20 cm w/ R64 angle scan,0,1,1,,,
25/04/2024,23h39,243,2,30,33.5,37,,,0,0,PWO 20x20x200 mm,41554,6550,PWO 20 cm w/ R64 angle scan,0,1,1,,,
25/04/2024,23h42,244,2,30,33.5,37,,,0,0,PWO 20x20x200 mm,38145,6551,PWO 20 cm w/ R64 angle scan,0,1,1,,,
26/04/2024,00h04,245,2,0,33.5,37,,,0,0,PWO 20x20x200 mm,35423,6552,PWO 20 cm w/ R64 angle scan,0,1,1,,,
26/04/2024,00h07,246,2,0,33.5,37,,,0,0,PWO 20x20x200 mm,34356,6553,PWO 20 cm w/ R64 angle scan,0,1,1,,,
26/04/2024,00h19,247,2,-30,33.5,37,,,0,0,PWO 20x20x200 mm,32143,6554,PWO 20 cm w/ R64 angle scan,0,1,1,,,
26/04/2024,00h21,248,2,-30,33.5,37,,,0,0,PWO 20x20x200 mm,39838,6555,PWO 20 cm w/ R64 angle scan,0,1,1,,,
26/04/2024,00h42,249,2,-60,33.5,37,,,0,0,PWO 20x20x200 mm,?,6556,PWO 20 cm w/ R64 angle scan,1,0,0,GUI Froze -->> bad run,,
26/04/2024,00h47,250,2,-60,33.5,37,,,0,0,PWO 20x20x200 mm,35780,6557,PWO 20 cm w/ R64 angle scan,0,1,1,,,
26/04/2024,00h49,251,2,-60,33.5,37,,,0,0,PWO 20x20x200 mm,34166,6558,PWO 20 cm w/ R64 angle scan,0,1,1,,,
26/04/2024,00h59,252,2,-80,33.5,37,,,0,0,PWO 20x20x200 mm,37524,6559,PWO 20 cm w/ R64 angle scan,0,1,1,,,
26/04/2024,01h00,253,2,-80,33.5,37,,,0,0,PWO 20x20x200 mm,34418,6560,PWO 20 cm w/ R64 angle scan,0,1,1,,,
26/04/2024,01h14,254,2,-90,33.5,37,,,0,0,PWO 20x20x200 mm,35148,6561,PWO 20 cm w/ R64 angle scan,0,1,1,,,
26/04/2024,01h16,255,2,-90,33.5,37,,,0,0,PWO 20x20x200 mm,38373,6562,PWO 20 cm w/ R64 angle scan,0,1,1,,,
26/04/2024,01h20,256,2,-90,33.5,37,,,0,0,PWO 20x20x200 mm,37392,6563,PWO 20 cm w/ R64 angle scan,0,1,1,,,
26/04/2024,02h38,257,2,-90,33.5,37,,,0,0,PWO 20x20x200 mm,35299,6564,"PWO 20 cm angle scan, Kodak 560 nm",0,1,1,,,
26/04/2024,02h42,258,2,-90,33.5,37,,,0,0,PWO 20x20x200 mm,33535,6565,"PWO 20 cm angle scan, Kodak 560 nm",0,1,1,,,
26/04/2024,02h45,259,2,-90,33.5,37,,,0,0,PWO 20x20x200 mm,36065,6566,"PWO 20 cm angle scan, Kodak 560 nm",0,1,1,,,
26/04/2024,02h54,260,2,-80,33.5,37,,,0,0,PWO 20x20x200 mm,34379,6567,"PWO 20 cm angle scan, Kodak 560 nm",0,1,1,,,
26/04/2024,02h57,261,2,-80,33.5,37,,,0,0,PWO 20x20x200 mm,37136,6568,"PWO 20 cm angle scan, Kodak 560 nm",0,1,1,,,
26/04/2024,03h05,262,2,-60,33.5,37,,,0,0,PWO 20x20x200 mm,?,6569,"PWO 20 cm angle scan, Kodak 560 nm",1,0,0,GUI-->> bad run,,
26/04/2024,03h08,263,2,-60,33.5,37,,,0,0,PWO 20x20x200 mm,34802,6570,"PWO 20 cm angle scan, Kodak 560 nm",0,1,1,Lost channel 4 high gain,,
26/04/2024,03h19,264,2,-60,33.5,37,,,0,0,PWO 20x20x200 mm,?,6571,"PWO 20 cm angle scan, Kodak 560 nm",1,0,0,GUI Froze,,
26/04/2024,03h30,265,2,-60,33.5,37,,,0,0,PWO 20x20x200 mm,33108,6572,"PWO 20 cm angle scan, Kodak 560 nm",0,1,0,"went in and attempted a discharge, channel 4 HG did not come back --> events way off with the telescope, reset the DRS",,
26/04/2024,03h33,266,2,-60,33.5,37,,,0,0,PWO 20x20x200 mm,35075,6573,"PWO 20 cm angle scan, Kodak 560 nm",0,1,1,sycn with telescope restored,,
26/04/2024,03h36,267,2,-60,33.5,37,,,0,0,PWO 20x20x200 mm,32219,6574,"PWO 20 cm angle scan, Kodak 560 nm",0,1,1,,,
26/04/2024,03h47,268,2,-30,33.5,37,,,0,0,PWO 20x20x200 mm,33311,6575,"PWO 20 cm angle scan, Kodak 560 nm",0,1,1,,,
26/04/2024,03h49,269,2,-30,33.5,37,,,0,0,PWO 20x20x200 mm,33520,6576,"PWO 20 cm angle scan, Kodak 560 nm",0,1,0,lost sync with telescope by 1 event,,
26/04/2024,03h51,270,2,-30,33.5,37,,,0,0,PWO 20x20x200 mm,33118,6577,"PWO 20 cm angle scan, Kodak 560 nm",0,1,1,back syncs with telescope,,
26/04/2024,04h13,271,2,0,33.5,37,,,0,0,PWO 20x20x200 mm,34237,6578,"PWO 20 cm angle scan, Kodak 560 nm",0,1,1,,,
26/04/2024,04h15,272,2,0,33.5,37,,,0,0,PWO 20x20x200 mm,36426,6579,"PWO 20 cm angle scan, Kodak 560 nm",0,1,1,,,
26/04/2024,04h26,273,2,30,33.5,37,,,0,0,PWO 20x20x200 mm,32369,6580,"PWO 20 cm angle scan, Kodak 560 nm",0,1,1,,,
26/04/2024,04h28,274,2,30,33.5,37,,,0,0,PWO 20x20x200 mm,?,6581,"PWO 20 cm angle scan, Kodak 560 nm",1,0,0,gui locked --> event number froze,,
26/04/2024,04h32,275,2,30,33.5,37,,,0,0,PWO 20x20x200 mm,34099,6582,"PWO 20 cm angle scan, Kodak 560 nm",0,1,1,,,
26/04/2024,04h46,276,2,60,33.5,37,,,0,0,PWO 20x20x200 mm,33696,6583,"PWO 20 cm angle scan, Kodak 560 nm",0,1,1,Channel 4 high gian rejoined the,,
26/04/2024,04h48,277,2,60,33.5,37,,,0,0,PWO 20x20x200 mm,32470,6584,"PWO 20 cm angle scan, Kodak 560 nm",0,1,1,,,
26/04/2024,04h58,278,2,80,33.5,37,,,0,0,PWO 20x20x200 mm,32890,6585,"PWO 20 cm angle scan, Kodak 560 nm",0,1,1,,,
26/04/2024,05h00,279,2,80,33.5,37,,,0,0,PWO 20x20x200 mm,32497,6586,"PWO 20 cm angle scan, Kodak 560 nm",0,1,1,,,
26/04/2024,05h08,280,2,90,33.5,37,,,0,0,PWO 20x20x200 mm,32528,6587,"PWO 20 cm angle scan, Kodak 560 nm",0,1,1,,,
26/04/2024,05h10,281,2,90,33.5,37,,,0,0,PWO 20x20x200 mm,32437,6588,"PWO 20 cm angle scan, Kodak 560 nm",0,1,1,Found angels misaligned by 5 degrees at the end of this set of scans. Not should when angles drifted away,,
26/04/2024,06h03,282,2,90,33.5,33.5,,,0,0,PWO 20x20x200 mm,59071,6589,"PWO 20 cm angle scan, filterless",0,1,0,Re-aligned the motion stage @ 90 deg. test run. si-telescope data not relavant (filter name and angle in the json file wrong),,
26/04/2024,06h06,283,2,90,33.5,33.5,,,0,0,PWO 20x20x200 mm,53638,6590,"PWO 20 cm angle scan, filterless",0,1,0,"High Gain missing one event, Filter name and angle in the json file wrong",,
26/04/2024,06h14,284,2,90,33.5,33.5,,,0,0,PWO 20x20x200 mm,39898,6591,"PWO 20 cm angle scan, filterless",0,1,1,Filter name and angle in the json file wrong,,
26/04/2024,06h55,285,2,45,33.5,33.5,,,0,0,PWO 20x20x200 mm,50232,6592,"PWO 20 cm angle scan, filterless",0,1,1,good run,,
26/04/2024,06h59,286,2,45,33.5,33.5,,,0,0,PWO 20x20x200 mm,?,6593,"PWO 20 cm angle scan, filterless",1,0,0,Calvision GUI freeze. Bad run,,
26/04/2024,07h05,287,2,45,33.5,33.5,,,0,0,PWO 20x20x200 mm,52377,6594,"PWO 20 cm angle scan, filterless",0,1,1,"ch 5,6 HG,LG still dead",,
26/04/2024,07h20,288,2,0,33.5,33.5,,,0,0,PWO 20x20x200 mm,?,6595,"PWO 20 cm angle scan, filterless",0,1,0,lost sync by 1 event,,
26/04/2024,07h24,289,2,0,33.5,33.5,,,0,0,PWO 20x20x200 mm,36408,6596,"PWO 20 cm angle scan, filterless",0,1,1,,,
26/04/2024,07h29,290,2,0,33.5,33.5,,,0,0,PWO 20x20x200 mm,32972,6597,"PWO 20 cm angle scan, filterless",0,1,1,,,
26/04/2024,07h42,291,2,-45,33.5,33.5,,,0,0,PWO 20x20x200 mm,34148,6598,"PWO 20 cm angle scan, filterless",1,0,0,"some issues from the Calvision DAQ. can not stop the run after ""End Run""",,
26/04/2024,07h48,292,2,-45,33.5,33.5,,,0,0,PWO 20x20x200 mm,?,,"PWO 20 cm angle scan, filterless",1,0,0,some issues from the Calvision DAQ after starting the run.,,
26/04/2024,07h50,295,2,-45,33.5,33.5,,,0,0,PWO 20x20x200 mm,46879,6599,"PWO 20 cm angle scan, filterless",0,1,1,,,
26/04/2024,07h55,296,2,-45,33.5,33.5,,,0,0,PWO 20x20x200 mm,46077,6600,"PWO 20 cm angle scan, filterless",0,1,1,,,
26/04/2024,08h10,297,2,-90,33.5,33.5,,,0,0,PWO 20x20x200 mm,34073,6601,"PWO 20 cm angle scan, filterless",0,1,1,,,
26/04/2024,08h12,298,2,-90,33.5,33.5,,,0,0,PWO 20x20x200 mm,34321,6602,"PWO 20 cm angle scan, filterless",1,0,0,"some issues from the Calvision DAQ. can not stop the run after ""End Run""",,
26/04/2024,08h17,299,2,-90,33.5,33.5,,,0,0,PWO 20x20x200 mm,?,6603,"PWO 20 cm angle scan, filterless",1,0,0,"some issues from the Calvision DAQ. can not stop the run after ""End Run""",,
26/04/2024,08h20,300,2,-90,33.5,33.5,,,0,0,PWO 20x20x200 mm,41404,6604,"PWO 20 cm angle scan, filterless",0,1,1,,,
26/04/2024,11h14,302,2,90,35,35,,,0,0,ABS 2.5x2.5x6cm3,25891,6605,"ABS Z-L glass 6 cm Bias Voltage scan, filterless",0,1,1,,,
26/04/2024,11h18,303,2,90,34,34,,,0,0,ABS 2.5x2.5x6cm3,35627,6606,"ABS Z-L glass 6 cm Bias Voltage scan, filterless",0,1,1,,,
26/04/2024,11h25,304,2,90,33,33,,,0,0,ABS 2.5x2.5x6cm3,43057,6607,"ABS Z-L glass 6 cm Bias Voltage scan, filterless",0,1,1,,,
26/04/2024,11h29,305,2,90,33,33,,,0,0,ABS 2.5x2.5x6cm3,43790,6608,"ABS Z-L glass 6 cm Bias Voltage scan, filterless",0,1,0,One event mismatch between telescope and DAQ in the HG file (LG is fine),,
26/04/2024,11h32,306,2,90,33,33,,,0,0,ABS 2.5x2.5x6cm3,43175,6609,"ABS Z-L glass 6 cm Bias Voltage scan, filterless",0,1,1,,,
26/04/2024,11h37,307,2,90,34,34,,,0,0,ABS 2.5x2.5x6cm3,42745,6610,"ABS Z-L glass 6 cm Bias Voltage scan, filterless",0,1,1,Saturation starting for some channels in the HG,,
26/04/2024,11h41,308,2,90,34,34,,,0,0,ABS 2.5x2.5x6cm3,42874,6611,"ABS Z-L glass 6 cm Bias Voltage scan, filterless",0,1,1,,,
26/04/2024,11h44,309,2,90,35,35,,,0,0,ABS 2.5x2.5x6cm3,46926,6612,"ABS Z-L glass 6 cm Bias Voltage scan, filterless",0,1,1,,,
26/04/2024,11h49,310,2,90,35,35,,,0,0,ABS 2.5x2.5x6cm3,42447,6613,"ABS Z-L glass 6 cm Bias Voltage scan, filterless",0,1,1,,,
"ABS Z-L glass 6 cm angle scan, filterless",0,0,0,0,0,0,0,0,0,0,0,0,0,0,0,0,0,0,0,0
26/04/2024,11h53,311,2,90,36,36,,,0,0,ABS 2.5x2.5x6cm3,35729,6614,"ABS Z-L glass 6 cm angle scan, filterless",0,1,1,,,
26/04/2024,11h56,312,2,90,36,36,,,0,0,ABS 2.5x2.5x6cm3,?,6615,"ABS Z-L glass 6 cm angle scan, filterless",1,0,0,"GUI froze, lost ssh connection, run discarded",,
26/04/2024,12h05,313,2,90,36,36,,,0,0,ABS 2.5x2.5x6cm3,45286,6616,"ABS Z-L glass 6 cm angle scan, filterless",0,1,1,sanity check on scaler (45287 triggers). but data should be fine,,
26/04/2024,12h44,314,2,45,36,36,,,0,0,ABS 2.5x2.5x6cm3,48679,6617,"ABS Z-L glass 6 cm angle scan, filterless",0,1,1,,,
26/04/2024,12h46,315,2,45,36,36,,,0,0,ABS 2.5x2.5x6cm3,42745,6618,"ABS Z-L glass 6 cm angle scan, filterless",0,1,0,One event mismatch in silicon telescope and DAQ (DAQ is 1 event less),,
26/04/2024,12h48,316,2,45,36,36,,,0,0,ABS 2.5x2.5x6cm3,41621,6619,"ABS Z-L glass 6 cm angle scan, filterless",0,1,1,,,
26/04/2024,13h00,317,2,0,36,36,,,0,0,ABS 2.5x2.5x6cm3,42749,6620,"ABS Z-L glass 6 cm angle scan, filterless",0,1,1,,,
26/04/2024,13h03,318,2,0,36,36,,,0,0,ABS 2.5x2.5x6cm3,42527,6621,"ABS Z-L glass 6 cm angle scan, filterless",0,1,1,,,
26/04/2024,13h17,319,2,-45,36,36,,,0,0,ABS 2.5x2.5x6cm3,43555,6622,"ABS Z-L glass 6 cm angle scan, filterless",0,1,1,,,
26/04/2024,13h21,320,2,-45,36,36,,,0,0,ABS 2.5x2.5x6cm3,41999,6623,"ABS Z-L glass 6 cm angle scan, filterless",0,1,1,,,
26/04/2024,13h30,321,2,-90,36,36,,,0,0,ABS 2.5x2.5x6cm3,43106,6624,"ABS Z-L glass 6 cm angle scan, filterless",0,1,1,,,
26/04/2024,13h32,322,2,-90,36,36,,,0,0,ABS 2.5x2.5x6cm3,38553,6625,"ABS Z-L glass 6 cm angle scan, filterless",0,1,1,,,
26/04/2024,14h39,323,2,-90,36,37,,,0,0,ABS 2.5x2.5x6cm3,?,6626,"ABS Z-L glass 6 cm angle scan, 610 nm filter",1,0,0,"Magnet not on, discarded",,
26/04/2024,14h40,324,2,-90,36,37,,,0,0,ABS 2.5x2.5x6cm3,?,6627,"ABS Z-L glass 6 cm angle scan, 610 nm filter",1,0,0,"GUI crashed, lost network connection, discarded (probably due to previous run stopped without any data)",,
26/04/2024,14h43,325,2,-90,36,37,,,0,0,PbF2 2.5x2.5x6cm3,?,6628,"ABS Z-L glass 6 cm angle scan, 610 nm filter",1,0,0,"Power not turned on for the amplifier, 0 signal, crystal incorrectly named",,
26/04/2024,14h48,326,2,-90,36,37,,,0,0,ABS 2.5x2.5x6cm3,52850,6629,"ABS Z-L glass 6 cm angle scan, 610 nm filter",0,1,1,,,
26/04/2024,14h51,327,2,-90,36,37,,,0,0,ABS 2.5x2.5x6cm3,33474,6630,"ABS Z-L glass 6 cm angle scan, 610 nm filter",0,1,1,,,
26/04/2024,14h53,328,2,-90,36,40,,,0,0,ABS 2.5x2.5x6cm3,37664,6631,"ABS Z-L glass 6 cm angle scan, 610 nm filter",0,1,1,"Changed to 40 V HV2 because the signal with the filter is very small, Ch 5 is back",,
26/04/2024,14h55,329,2,-90,36,40,,,0,0,ABS 2.5x2.5x6cm3,34979,6632,"ABS Z-L glass 6 cm angle scan, 610 nm filter",0,1,1,,,
26/04/2024,15h23,330,2,-80,36,40,,,0,0,ABS 2.5x2.5x6cm3,43124,6633,"ABS Z-L glass 6 cm angle scan, 610 nm filter",0,1,1,,,
26/04/2024,15h27,331,2,-80,36,40,,,0,0,ABS 2.5x2.5x6cm3,39858,6634,"ABS Z-L glass 6 cm angle scan, 610 nm filter",0,1,1,,,
26/04/2024,15h51,332,2,-60,36,37,,,0,0,ABS 2.5x2.5x6cm3,36058,6635,"ABS Z-L glass 6 cm angle scan, 610 nm filter",1,0,0,"Accidentally set 37 V for HV2, probably not going to use this",,
26/04/2024,15h53,333,2,-60,36,40,,,0,0,ABS 2.5x2.5x6cm3,44840,6636,"ABS Z-L glass 6 cm angle scan, 610 nm filter",0,1,1,,,
26/04/2024,15h57,334,2,-60,36,40,,,0,0,ABS 2.5x2.5x6cm3,?,6637,"ABS Z-L glass 6 cm angle scan, 610 nm filter",0,1,0,Telescope window crashed,,
26/04/2024,16h05,335,2,-60,36,40,,,0,0,ABS 2.5x2.5x6cm3,37723,6639,"ABS Z-L glass 6 cm angle scan, 610 nm filter",0,1,1,Json file reads that both HV1 and HV2 is 'None',,
26/04/2024,16h22,336,2,-30,36,40,,,0,0,ABS 2.5x2.5x6cm3,37501,6640,"ABS Z-L glass 6 cm angle scan, 610 nm filter",0,1,1,"There might be a telescope run number mismatch somewhere in the last 3-4 runs, crystal and filter details are wrong",,
26/04/2024,16h25,337,2,-30,36,40,,,0,0,ABS 2.5x2.5x6cm3,45183,6641,"ABS Z-L glass 6 cm angle scan, 610 nm filter",0,1,1,,,
26/04/2024,16h32,338,2,0,36,40,,,0,0,ABS 2.5x2.5x6cm3,34025,6642,"ABS Z-L glass 6 cm angle scan, 610 nm filter",0,1,1,,,
26/04/2024,16h35,339,2,0,36,40,,,0,0,ABS 2.5x2.5x6cm3,32859,6643,"ABS Z-L glass 6 cm angle scan, 610 nm filter",0,1,1,LG signals for some events look very noisy,,
26/04/2024,16h37,340,2,0,36,40,,,0,0,ABS 2.5x2.5x6cm3,46130,6644,"ABS Z-L glass 6 cm angle scan, 610 nm filter",0,1,1,,,
26/04/2024,16h54,341,2,30,36,40,,,0,0,ABS 2.5x2.5x6cm3,38011,6645,"ABS Z-L glass 6 cm angle scan, 610 nm filter",0,1,1,,,
26/04/2024,16h57,342,2,30,36,40,,,0,0,ABS 2.5x2.5x6cm3,46744,6646,"ABS Z-L glass 6 cm angle scan, 610 nm filter",0,1,0,One event mismatch in LG and HG files (HG files has 1 less),,
26/04/2024,16h59,343,2,30,36,40,,,0,0,ABS 2.5x2.5x6cm3,38245,6647,"ABS Z-L glass 6 cm angle scan, 610 nm filter",0,1,1,,,
26/04/2024,17h10,344,2,60,36,40,,,0,0,ABS 2.5x2.5x6cm3,?,6648,"ABS Z-L glass 6 cm angle scan, 610 nm filter",1,0,0,GUI crashed,,
26/04/2024,17h15,345,2,60,36,40,,,0,0,ABS 2.5x2.5x6cm3,36231,6649,"ABS Z-L glass 6 cm angle scan, 610 nm filter",0,1,1,,,
26/04/2024,17h20,346,2,60,36,40,,,0,0,ABS 2.5x2.5x6cm3,37902,6650,"ABS Z-L glass 6 cm angle scan, 610 nm filter",0,1,1,,,
26/04/2024,17h24,347,2,80,36,40,,,0,0,ABS 2.5x2.5x6cm3,46067,6651,"ABS Z-L glass 6 cm angle scan, 610 nm filter",0,1,1,,,
26/04/2024,17h26,348,2,80,36,40,,,0,0,ABS 2.5x2.5x6cm3,68732,6652,"ABS Z-L glass 6 cm angle scan, 610 nm filter",1,0,0,"Run did not stop after ending run, so root files are corrupted",,
26/04/2024,17h34,349,2,90,36,40,,,0,0,ABS 2.5x2.5x6cm3,47235,6653,"ABS Z-L glass 6 cm angle scan, 610 nm filter",0,1,1,,,
26/04/2024,,350,2,90,36,40,,,0,0,ABS 2.5x2.5x6cm3,38924,6654,"ABS Z-L glass 6 cm angle scan, 610 nm filter",0,1,1,,,
26/04/2024,18h20,351,2,90,40,40,,,0,0,PbF 2.5x2.5x20cm3,37612,6655,"PbF2 long bias voltage scan, filterless runs",0,1,1,,,
26/04/2024,18h28,352,2,90,39,39,,,0,0,PbF 2.5x2.5x20cm3,40065,6656,"PbF2 long bias voltage scan, filterless runs",0,1,1,Pronounced undershoot for 2-3 channels,,
26/04/2024,18h32,353,2,90,38,38,,,0,0,PbF 2.5x2.5x20cm3,30209,6657,"PbF2 long bias voltage scan, filterless runs",0,1,1,,,
26/04/2024,18h36,354,2,90,37,37,,,0,0,PbF 2.5x2.5x20cm3,40102,6658,"PbF2 long bias voltage scan, filterless runs",0,1,1,,,
26/04/2024,18h40,355,2,90,36,36,,,0,0,PbF 2.5x2.5x20cm3,28405,6659,"PbF2 long bias voltage scan, filterless runs",0,1,1,,,
26/04/2024,18h50,356,2,90,36,36,,,0,0,PbF 2.5x2.5x20cm3,42652,6660,"PbF2 long angle scan at HV1 and HV2 = 36 V, filterless runs",0,1,1,,,
26/04/2024,19h32,357,2,80,36,36,,,0,0,PbF 2.5x2.5x20cm3,37871,6661,"PbF2 long angle scan at HV1 and HV2 = 36 V, filterless runs",0,1,0,One event mismatch between LG and HG files (The LG has the lower number of events),,
26/04/2024,19h34,358,2,80,36,36,,,0,0,PbF 2.5x2.5x20cm3,37227,6662,"PbF2 long angle scan at HV1 and HV2 = 36 V, filterless runs",0,1,1,,,
26/04/2024,19h36,359,2,80,36,36,,,0,0,PbF 2.5x2.5x20cm3,57254,6663,"PbF2 long angle scan at HV1 and HV2 = 36 V, filterless runs",0,1,1,,,
26/04/2024,,360,2,60,36,36,,,0,0,PbF 2.5x2.5x20cm3,?,6664,"PbF2 long angle scan at HV1 and HV2 = 36 V, filterless runs",1,0,0,GUI crashed,,
26/04/2024,19h51,361,2,60,36,36,,,0,0,PbF 2.5x2.5x20cm3,40514,6665,"PbF2 long angle scan at HV1 and HV2 = 36 V, filterless runs",0,1,1,,,
26/04/2024,19h53,362,2,60,36,36,,,0,0,PbF 2.5x2.5x20cm3,40914,6666,"PbF2 long angle scan at HV1 and HV2 = 36 V, filterless runs",1,0,0,"DAQ Control crashed, so root files are corrupted",,
26/04/2024,19h57,363,2,60,36,36,,,0,0,PbF 2.5x2.5x20cm3,?,6667,"PbF2 long angle scan at HV1 and HV2 = 36 V, filterless runs",1,0,0,"DRS not reset, discarded",,
26/04/2024,19h59,364,2,60,36,36,,,0,0,PbF 2.5x2.5x20cm3,?,-,"PbF2 long angle scan at HV1 and HV2 = 36 V, filterless runs",1,0,0,Also broken,,
26/04/2024,20h00,365,2,60,36,36,,,0,0,PbF 2.5x2.5x20cm3,?,-,"PbF2 long angle scan at HV1 and HV2 = 36 V, filterless runs",1,0,0,Still broken,,
26/04/2024,20h03,366,2,60,36,36,,,0,0,PbF 2.5x2.5x20cm3,32008,6668,"PbF2 long angle scan at HV1 and HV2 = 36 V, filterless runs",1,0,0,Still broken,,
26/04/2024,20h 08,367,2,60,36,36,,,0,0,PbF 2.5x2.5x20cm3,32761,6669,"PbF2 long angle scan at HV1 and HV2 = 36 V, filterless runs",0,1,0,DAQ and telescope major mismatch between events (500 less in telescope),,
26/04/2024,20h11,368,2,60,36,36,,,0,0,PbF 2.5x2.5x20cm3,34338,6670,"PbF2 long angle scan at HV1 and HV2 = 36 V, filterless runs",0,1,1,,,
26/04/2024,20h13,369,2,60,36,36,,,0,0,PbF 2.5x2.5x20cm3,26486,6671,"PbF2 long angle scan at HV1 and HV2 = 36 V, filterless runs",1,0,0,"Accidental extra run, also DAQ control crashed again",,
26/04/2024,20h47,370,2,30,36,36,,,0,0,PbF 2.5x2.5x20cm3,38204,6672,"PbF2 long angle scan at HV1 and HV2 = 36 V, filterless runs",0,1,0,"Crystal name wrong in json file, again major mismatch in the telescope and DAQ events",,
26/04/2024,20h50,371,2,30,36,36,,,0,0,PbF 2.5x2.5x20cm3,?,6673,"PbF2 long angle scan at HV1 and HV2 = 36 V, filterless runs",0,1,1,High gain baseline etc config settings were not imported,,
26/04/2024,20h53,372,2,30,36,36,,,0,0,PbF 2.5x2.5x20cm3,35660,6674,"PbF2 long angle scan at HV1 and HV2 = 36 V, filterless runs",0,1,1,,,
26/04/2024,20h56,373,2,30,36,36,,,0,0,PbF 2.5x2.5x20cm3,35139,6675,"PbF2 long angle scan at HV1 and HV2 = 36 V, filterless runs",0,1,1,,,
26/04/2024,21h03,374,2,0,36,36,,,0,0,PbF 2.5x2.5x20cm3,42355,6676,"PbF2 long angle scan at HV1 and HV2 = 36 V, filterless runs",0,1,1,,,
26/04/2024,21h07,375,2,0,36,36,,,0,0,PbF 2.5x2.5x20cm3,55640,6677,"PbF2 long angle scan at HV1 and HV2 = 36 V, filterless runs",0,1,1,,,
26/04/2024,21h14,376,2,-30,36,36,,,0,0,PbF 2.5x2.5x20cm3,?,6678,"PbF2 long angle scan at HV1 and HV2 = 36 V, filterless runs",0,1,1,HV1 and HV2 voltages were off,,
26/04/2024,21h16,377,2,-30,36,36,,,0,0,PbF 2.5x2.5x20cm3,32775,6679,"PbF2 long angle scan at HV1 and HV2 = 36 V, filterless runs",0,1,1,,,
26/04/2024,21h19,378,2,-30,36,36,,,0,0,PbF 2.5x2.5x20cm3,37209,6680,"PbF2 long angle scan at HV1 and HV2 = 36 V, filterless runs",0,1,1,,,
26/04/2024,21h32,380,2,-60,36,36,,,0,0,PbF 2.5x2.5x20cm3,34102,6681,"PbF2 long angle scan at HV1 and HV2 = 36 V, filterless runs",0,1,1,"Previous run was skipped, wrong crystal",,
26/04/2024,21h36,381,2,-60,36,36,,,0,0,PbF 2.5x2.5x20cm3,36449,6682,"PbF2 long angle scan at HV1 and HV2 = 36 V, filterless runs",0,1,1,"Ch 5 dead again for the low gain files, and Ch 4 is dead for the high gain files",,
26/04/2024,21h50,382,2,-80,36,36,,,0,0,PbF 2.5x2.5x20cm3,36202,6683,"PbF2 long angle scan at HV1 and HV2 = 36 V, filterless runs",0,1,1,Ch 5 back again in low gain,,
26/04/2024,21h52,383,2,-80,36,36,,,0,0,PbF 2.5x2.5x20cm3,?,6684,"PbF2 long angle scan at HV1 and HV2 = 36 V, filterless runs",0,1,0,Again major mismatch between DAQ and telescope events,,
26/04/2024,21h56,384,2,-80,36,36,,,0,0,PbF 2.5x2.5x20cm3,34139,6685,"PbF2 long angle scan at HV1 and HV2 = 36 V, filterless runs",0,1,1,,,
26/04/2024,22h03,385,2,-90,36,36,,,0,0,PbF 2.5x2.5x20cm3,?,6686,"PbF2 long angle scan at HV1 and HV2 = 36 V, filterless runs",1,0,0,"HV1 and HV2 stopped at 18 V, discarding",,
26/04/2024,22h04,386,2,-90,36,36,,,0,0,PbF 2.5x2.5x20cm3,?,6687,"PbF2 long angle scan at HV1 and HV2 = 36 V, filterless runs",1,0,0,GUI crashed again (network problem?),,
26/04/2024,22h07,387,2,-90,36,36,,,0,0,PbF 2.5x2.5x20cm3,?,-,"PbF2 long angle scan at HV1 and HV2 = 36 V, filterless runs",1,0,0,DAQ not disabled,,
26/05/2024,22h10,388,2,-90,36,36,,,0,0,PbF 2.5x2.5x20cm3,33712,6688,"PbF2 long angle scan at HV1 and HV2 = 36 V, filterless runs",0,1,1,,,
26/05/2024,22h12,389,2,-90,36,36,,,0,0,PbF 2.5x2.5x20cm3,33236,6689,"PbF2 long angle scan at HV1 and HV2 = 36 V, filterless runs",0,1,0,HG and LG mismatch (1 event),,
26/05/2024,22h14,390,2,-90,36,36,,,0,0,PbF 2.5x2.5x20cm3,32369,6690,"PbF2 long angle scan at HV1 and HV2 = 36 V, filterless runs",0,1,1,,,
26/05/2024,22h37,391,2,0,36,36,,,0,0,PbF 2.5x2.5x20cm3,31630,6691,PbF2 Long 0 deg horizontal position scan,0,1,1,,,
26/05/2024,22h45,392,2,0,36,36,,,20,0,PbF 2.5x2.5x20cm3,26359,6692,PbF2 Long 0 deg horizontal position scan,0,1,1,,,
26/05/2024,22h48,393,2,0,36,36,,,40,0,PbF 2.5x2.5x20cm3,26520,6693,PbF2 Long 0 deg horizontal position scan,0,1,1,,,
26/05/2024,22h51,394,2,0,36,36,,,60,0,PbF 2.5x2.5x20cm3,26430,6694,PbF2 Long 0 deg horizontal position scan,0,1,1,,,
26/05/2024,22h59,395,2,0,36,36,,,80,0,PbF 2.5x2.5x20cm3,26328,6695,PbF2 Long 0 deg horizontal position scan,0,1,1,,,
26/05/2024,23h01,396,2,0,36,36,,,95,0,PbF 2.5x2.5x20cm3,23350,6696,PbF2 Long 0 deg horizontal position scan,0,1,1,,,
26/05/2024,23h05,397,2,0,36,36,,,-2,0,PbF 2.5x2.5x20cm3,27662,6697,PbF2 Long 0 deg horizontal position scan,0,1,1,,,
26/05/2024,23h07,398,2,0,36,36,,,-4,0,PbF 2.5x2.5x20cm3,24752,6698,PbF2 Long 0 deg horizontal position scan,0,1,1,,,
26/05/2024,23h12,399,2,0,36,36,,,-6,0,PbF 2.5x2.5x20cm3,27742,6699,PbF2 Long 0 deg horizontal position scan,0,1,1,,,
26/05/2024,23h14,400,2,0,36,36,,,-8,0,PbF 2.5x2.5x20cm3,12648,6700,PbF2 Long 0 deg horizontal position scan,0,1,1,,,
26/05/2024,23h18,401,2,0,36,36,,,-20,0,PbF 2.5x2.5x20cm3,27529,6701,PbF2 Long 0 deg horizontal position scan,0,1,1,,,
26/05/2024,23h20,402,2,0,36,36,,,-40,0,PbF 2.5x2.5x20cm3,23769,6702,PbF2 Long 0 deg horizontal position scan,0,1,1,,,
26/05/2024,11h27,403,2,0,36,36,,,-60,0,PbF 2.5x2.5x20cm3,25799,6703,PbF2 Long 0 deg horizontal position scan,0,1,0,out of sync with telescope,,
26/05/2024,11h31,404,2,0,36,36,,,-60,0,PbF 2.5x2.5x20cm3,24070,6704,PbF2 Long 0 deg horizontal position scan,0,1,1,,,
26/05/2024,11h33,405,2,0,36,36,,,-80,0,PbF 2.5x2.5x20cm3,26504,6705,PbF2 Long 0 deg horizontal position scan,0,1,1,,,
26/05/2024,11h35,406,2,0,36,36,,,-95,0,PbF 2.5x2.5x20cm3,24154,6706,PbF2 Long 0 deg horizontal position scan,0,1,1,,,
27/05/2024,00h35,407,2,0,37,37,,,0,0,PbF 2.5x2.5x20cm3,36552,6707,"PbF2 Long, Hoya R64 on rear (one live channel), U330 on front channels",0,1,1,,,
27/05/2024,00h37,408,2,0,37,37,,,0,0,PbF 2.5x2.5x20cm3,34082,6708,"PbF2 Long, Hoya R64 on rear (one live channel), U330 on front channels",0,1,1,,,
27/05/2024,00h47,409,2,30,37,37,,,0,0,PbF 2.5x2.5x20cm3,30896,6709,"PbF2 Long, Hoya R64 on rear (one live channel), U330 on front channels",0,1,1,,,
27/05/2024,00h49,410,2,30,37,37,,,0,0,PbF 2.5x2.5x20cm3,32190,6710,"PbF2 Long, Hoya R64 on rear (one live channel), U330 on front channels",0,1,1,,,
27/05/2024,00h58,411,2,60,37,37,,,0,0,PbF 2.5x2.5x20cm3,45161,6711,"PbF2 Long, Hoya R64 on rear (one live channel), U330 on front channels",0,1,1,,,
27/05/2024,01h00,412,2,60,37,37,,,0,0,PbF 2.5x2.5x20cm3,33307,6712,"PbF2 Long, Hoya R64 on rear (one live channel), U330 on front channels",0,1,1,,,
27/05/2024,01h07,413,2,80,37,37,,,0,0,PbF 2.5x2.5x20cm3,33838,6713,"PbF2 Long, Hoya R64 on rear (one live channel), U330 on front channels",0,1,1,,,
27/05/2024,01h09,414,2,80,37,37,,,0,0,PbF 2.5x2.5x20cm3,?,6714,"PbF2 Long, Hoya R64 on rear (one live channel), U330 on front channels",1,0,0,gui froze --> bad run,,
27/05/2024,01h19,415,2,80,37,37,,,0,0,PbF 2.5x2.5x20cm3,?,-,"PbF2 Long, Hoya R64 on rear (one live channel), U330 on front channels",1,0,0,gui broken and did not disable DAQ,,
27/05/2024,01h22,416,2,80,37,37,,,0,0,PbF 2.5x2.5x20cm3,32975,6715,"PbF2 Long, Hoya R64 on rear (one live channel), U330 on front channels",0,1,1,,,
27/05/2024,01h32,417,2,90,37,37,,,0,0,PbF 2.5x2.5x20cm3,33412,6716,"PbF2 Long, Hoya R64 on rear (one live channel), U330 on front channels",0,1,1,,,
27/05/2024,01h35,418,2,90,37,37,,,0,0,PbF 2.5x2.5x20cm3,33966,6717,"PbF2 Long, Hoya R64 on rear (one live channel), U330 on front channels",0,1,1,,,
27/05/2024,01h55,419,2,-30,37,37,,,0,0,PbF 2.5x2.5x20cm3,36520,6718,"PbF2 Long, Hoya R64 on rear (one live channel), U330 on front channels",0,1,1,,,
27/05/2024,01h59,420,2,-30,37,37,,,0,0,PbF 2.5x2.5x20cm3,34209,6719,"PbF2 Long, Hoya R64 on rear (one live channel), U330 on front channels",0,1,1,,,
27/05/2024,02h07,421,2,-60,37,37,,,0,0,PbF 2.5x2.5x20cm3,42125,6720,"PbF2 Long, Hoya R64 on rear (one live channel), U330 on front channels",0,1,1,,,
27/05/2024,02h10,422,2,-60,37,37,,,0,0,PbF 2.5x2.5x20cm3,22667,6721,"PbF2 Long, Hoya R64 on rear (one live channel), U330 on front channels",0,1,1,,,
27/05/2024,02h27,423,2,-80,37,37,,,0,0,PbF 2.5x2.5x20cm3,31904,6722,"PbF2 Long, Hoya R64 on rear (one live channel), U330 on front channels",0,1,1,,,
27/05/2024,02h29,424,2,-80,37,37,,,0,0,PbF 2.5x2.5x20cm3,33714,6723,"PbF2 Long, Hoya R64 on rear (one live channel), U330 on front channels",0,1,1,,,
27/05/2024,02h35,425,2,-90,37,37,,,0,0,PbF 2.5x2.5x20cm3,34114,6724,"PbF2 Long, Hoya R64 on rear (one live channel), U330 on front channels",0,1,1,,,
27/05/2024,02h38,426,2,-90,37,37,,,0,0,PbF 2.5x2.5x20cm3,?,6725,"PbF2 Long, Hoya R64 on rear (one live channel), U330 on front channels",1,0,0,gui froze,,
27/05/2024,02h42,427,2,-90,37,37,,,0,0,PbF 2.5x2.5x20cm3,32299,6726,"PbF2 Long, Hoya R64 on rear (one live channel), U330 on front channels",0,1,1,,,
27/05/2024,04h32,428,2,-90,33.5,33.5,,,0,0,BSO,37623,6727,BSO Filterless Run,0,1,1,description is wrong in the gui,,
27/05/2024,04h34,429,2,-90,33.5,33.5,,,0,0,BSO,?,6728,BSO Filterless Run,1,0,0,DAQ freaked /GUI freaked,,
27/05/2024,04h41,430,2,-90,33.5,33.5,,,0,0,BSO,?,-,BSO Filterless Run,1,0,0,confusion on DAQ state,,
27/05/2024,04h42,431,2,-90,33.5,33.5,,,0,0,BSO,31344,6729,BSO Filterless Run,0,1,1,,,
27/05/2024,04h51,432,2,-45,33.5,33.5,,,0,0,BSO,?,-,BSO Filterless Run,1,0,0,run will not stop,,
27/05/2024,04h55,433,2,-45,33.5,33.5,,,0,0,BSO,33714,6731,BSO Filterless Run,0,1,1,,,
27/05/2024,04h59,434,2,-45,33.5,33.5,,,0,0,BSO,35635,6732,BSO Filterless Run,0,1,1,,,
27/05/2024,05h10,435,2,0,33.5,33.5,,,0,0,BSO,?,6733,BSO Filterless Run,1,0,0,bad DAQ,,
27/05/2024,05h12,436,2,0,33.5,33.5,,,0,0,BSO,47828,6734,BSO Filterless Run,0,1,1,,,
27/05/2024,05h15,437,2,0,33.5,33.5,,,0,0,BSO,25382,6735,BSO Filterless Run,0,1,1,,,
27/05/2024,05h31,438,2,45,33.5,33.5,,,0,0,BSO,38066,6736,BSO Filterless Run,0,1,1,,,
27/05/2024,05h34,439,2,45,33.5,33.5,,,0,0,BSO,34458,6737,BSO Filterless Run,0,1,1,,,
27/05/2024,05h46,440,2,90,33.5,33.5,,,0,0,BSO,35227,6738,BSO Filterless Run,0,1,1,,,
27/05/2024,05h54,441,2,90,33.5,33.5,,,0,0,BSO,37501,6739,BSO Filterless Run,0,1,1,,,
27/05/2024,06h26,442,2,90,33.5,37,,,0,0,BSO,?,6740,BSO U330 Filter Run,1,0,0,Bad run gui stuck,,
27/05/2024,06h28,443,2,90,33.5,37,,,0,0,BSO,44597,6741,BSO U330 Filter Run,0,1,1,,,
27/05/2024,06h31,444,2,90,33.5,37,,,0,0,BSO,?,6742,BSO U330 Filter Run,1,0,0,Bad run with GUI,,
27/05/2024,06h33,445,2,90,33.5,37,,,0,0,BSO,30710,6743,BSO U330 Filter Run,0,1,1,,,
27/05/2024,06h40,446,2,80,33.5,37,,,0,0,BSO,32911,6744,BSO U330 Filter Run,0,1,1,,,
27/05/2024,06h42,447,2,80,33.5,37,,,0,0,BSO,34814,6745,BSO U330 Filter Run,0,1,1,,,
27/05/2024,06h53,448,2,60,33.5,37,,,0,0,BSO,33843,6746,BSO U330 Filter Run,0,1,1,,,
27/05/2024,06h55,449,2,60,33.5,37,,,0,0,BSO,34039,6747,BSO U330 Filter Run,0,1,1,,,
27/05/2024,07h04,450,2,30,33.5,37,,,0,0,BSO,31831,6748,BSO U330 Filter Run,0,1,1,,,
27/05/2024,07h06,451,2,30,33.5,37,,,0,0,BSO,33706,6749,BSO U330 Filter Run,0,1,1,,,
27/05/2024,07h14,452,2,0,33.5,37,,,0,0,BSO,33248,6750,BSO U330 Filter Run,0,1,1,,,
27/05/2024,07h16,453,2,0,33.5,37,,,0,0,BSO,32889,6751,BSO U330 Filter Run,0,1,1,,,
27/05/2024,07h24,454,2,-30,33.5,37,,,0,0,BSO,33646,6752,BSO U330 Filter Run,0,1,1,,,
27/05/2024,07h26,455,2,-30,33.5,37,,,0,0,BSO,32825,6753,BSO U330 Filter Run,1,0,0,"gui froze, bad run",,
27/05/2024,07h30,456,2,-30,33.5,37,,,0,0,BSO,32636,6754,BSO U330 Filter Run,0,1,0,one event off from telescope,,
27/05/2024,07h32,457,2,-30,33.5,37,,,0,0,BSO,33737,6755,BSO U330 Filter Run,0,1,1,,,
27/05/2024,07h40,458,2,-60,33.5,37,,,0,0,BSO,34422,6756,BSO U330 Filter Run,0,1,1,,,
27/05/2024,07h42,459,2,-60,33.5,37,,,0,0,BSO,33769,6757,BSO U330 Filter Run,0,1,1,,,
27/05/2024,07h53,460,2,-80,33.5,37,,,0,0,BSO,32490,6758,BSO U330 Filter Run,0,1,1,,,
27/05/2024,07h55,461,2,-80,33.5,37,,,0,0,BSO,33531,6759,BSO U330 Filter Run,0,1,1,,,
27/05/2024,08h06,462,2,-90,33.5,37,,,0,0,BSO,32762,6760,BSO U330 Filter Run,0,1,1,,,
27/05/2024,08h08,463,2,-90,33.5,37,,,0,0,BSO,33817,6761,BSO U330 Filter Run,0,1,1,,,
25/04/2024,9:47,464,-,0,37,37,,,-,-,-,41487,-,Broadcom SiPM LED Calibration run,0,1,1,REAR (low light) LED 1.45V BJT 58V,,
25/04/2024,9h52,465,-,0,37,37,,,-,-,-,59953,-,Broadcom SiPM LED Calibration run,0,1,1,REAR (high light) LED 1.6V BJT 58V,,
25/04/2024,9h55,466,-,0,35,35,,,-,-,-,45502,-,Broadcom SiPM LED Calibration run,0,1,1,REAR (low light) LED 1.45V BJT 58V,,
25/04/2024,10:02,467,-,0,35,35,,,-,-,-,50343,-,Broadcom SiPM LED Calibration run,0,1,1,REAR (high light) LED 1.6V BJT 58V,,
25/04/2024,10h06,468,-,0,35,35,,,-,-,-,30518,-,Broadcom SiPM LED Calibration run,0,1,1,REAR (high light) LED 1.65V BJT 58V,,
25/04/2024,10h06,469,-,0,33.5,33.5,,,-,-,-,42738,-,Broadcom SiPM LED Calibration run,0,1,1,REAR (low light) LED 1.5V BJT 58V,,
25/04/2024,10:13,470,-,0,33.5,33.5,,,-,-,-,32785,-,Broadcom SiPM LED Calibration run,0,1,1,REAR (high light) LED 1.65V BJT 58V,,
25/04/2024,10h15,471,-,0,33.5,33.5,,,-,-,-,23818,-,Broadcom SiPM LED Calibration run,0,1,1,REAR (high light) LED 1.7V BJT 58V,,
25/04/2024,10h16,472,-,0,33.5,33.5,,,-,-,-,30996,-,Broadcom SiPM LED Calibration run,0,1,1,REAR (high light) LED 1.75V BJT 58V,,
25/04/2024,10h18,473,-,0,33.5,33.5,,,-,-,-,32706,-,Broadcom SiPM LED Calibration run,0,1,1,REAR (high light) LED 1.8V BJT 58V,,
25/04/2024,10h25,474,-,0,37,37,,,-,-,-,31985,-,Broadcom SiPM LED Calibration run,0,1,1,Front (low light) LED 1.45V BJT 58V,,
25/04/2024,10h43,475,-,0,37,37,,,,,,,,Broadcom SiPM LED Calibration run,1,0,0,BAD,,
25/04/2024,10h45,476,-,0,37,37,,,-,-,-,35460,-,Broadcom SiPM LED Calibration run,0,1,1,Front (high light) LED 1.6V BJT 58V,,
25/04/2024,10h47,477,-,0,35,35,,,-,-,-,33426,-,Broadcom SiPM LED Calibration run,0,1,1,Front (high light) LED 1.6V BJT 58V,,
25/04/2024,10h50,478,-,0,35,35,,,-,-,-,40263,-,Broadcom SiPM LED Calibration run,0,1,1,Front (low light) LED 1.45V BJT 58V,,
25/04/2024,10h52,479,-,0,33.5,33.5,,,-,-,-,41147,-,Broadcom SiPM LED Calibration run,0,1,1,Front (low light) LED 1.45V BJT 58V,,
25/04/2024,10h59,480,-,0,33.5,33.5,,,-,-,-,41592,-,Broadcom SiPM LED Calibration run,0,1,1,Front (low light) LED 1.5V BJT 58V,,
25/04/2024,11h01,481,-,0,33.5,33.5,,,-,-,-,36100,-,Broadcom SiPM LED Calibration run,0,1,1,Front (high light) LED 1.75V BJT 58V,,
25/04/2024,11h45,482,,,,,,,,,,,,Broadcom SiPM LED Calibration run,1,0,0,"TEST, no good",,
27/04/2024,12h14,483,2,90,33.5,37,,,0,0,PWO 20x20x200 mm,36530,6762,PWO-L nobrand(OD-2) 600 nm,0,1,1,"Ch 5 is back, scaler trigger counts = 36529, no SiPM HV info in the json file",,
27/04/2024,12h18,484,2,90,33.5,37,,,0,0,PWO 20x20x200 mm,47377,6763,PWO-L nobrand(OD-2) 600 nm,0,1,1,scalar trigger counts = 47376,,
27/04/2024,12h24,485,2,90,33.5,37,,,0,0,PWO 20x20x200 mm,54602,6764,PWO-L nobrand(OD-2) 600 nm,0,1,1,scalar trigger counts = 54602 (all consistent),,
27/04/2024,12h48,486,2,80,33.5,37,,,0,0,PWO 20x20x200 mm,47213,6765,PWO-L nobrand(OD-2) 600 nm,0,1,1,Ch 5 is dead again,,
27/04/2024,12h50,487,2,80,33.5,37,,,0,0,PWO 20x20x200 mm,48756,6766,PWO-L nobrand(OD-2) 600 nm,0,1,1,,,
27/04/2024,13h01,488,2,60,33.5,37,,,0,0,PWO 20x20x200 mm,43022,6767,PWO-L nobrand(OD-2) 600 nm,0,1,1,"Ch 5 back again, may be a connection problem, consistent with scaler",,
27/04/2024,13h03,489,2,60,33.5,37,,,0,0,PWO 20x20x200 mm,42765,6768,PWO-L nobrand(OD-2) 600 nm,0,1,1,,,
27/04/2024,13h14,490,2,30,33.5,37,,,0,0,PWO 20x20x200 mm,?,6769,PWO-L nobrand(OD-2) 600 nm,1,0,0,GUI frozen again,,
27/04/2024,13h19,491,2,30,33.5,37,,,0,0,PWO 20x20x200 mm,42048,6770,PWO-L nobrand(OD-2) 600 nm,0,1,0,Off by 3 events compared to scaler,,
27/04/2024,13h21,492,2,30,33.5,37,,,0,0,PWO 20x20x200 mm,37704,6771,PWO-L nobrand(OD-2) 600 nm,0,1,1,,,
27/04/2024,13h27,493,2,0,33.5,37,,,0,0,PWO 20x20x200 mm,36709,6772,PWO-L nobrand(OD-2) 600 nm,0,1,0,off by 1 event wrt scaler,,
27/04/2024,13h31,494,2,0,33.5,37,,,0,0,PWO 20x20x200 mm,43712,6773,PWO-L nobrand(OD-2) 600 nm,0,1,1,,,
27/04/2024,13h40,495,2,-30,33.5,37,,,0,0,PWO 20x20x200 mm,57135,6774,PWO-L nobrand(OD-2) 600 nm,0,1,1,"Ch 6 is not flat anymore, but may or may not have signal",,
27/04/2024,13h44,496,2,-30,33.5,37,,,0,0,PWO 20x20x200 mm,42553,6775,PWO-L nobrand(OD-2) 600 nm,0,1,1,,,
27/04/2024,13h59,497,2,-60,33.5,37,,,0,0,PWO 20x20x200 mm,42477,6776,PWO-L nobrand(OD-2) 600 nm,0,1,1,event number consistent with scaler,,
27/04/2024,14h03,498,2,-60,33.5,37,,,0,0,PWO 20x20x200 mm,43326,6777,PWO-L nobrand(OD-2) 600 nm,0,1,1,,,
27/04/2024,14h11,499,2,-80,33.5,37,,,0,0,PWO 20x20x200 mm,23936,6778,PWO-L nobrand(OD-2) 600 nm,1,0,0,"GUI crashed, discarding",,
27/04/2024,14h15,500,2,-80,33.5,37,,,0,0,PWO 20x20x200 mm,58672,6779,PWO-L nobrand(OD-2) 600 nm,0,1,1,Consistent with scaler,,
27/04/2024,14h18,501,2,-80,33.5,37,,,0,0,PWO 20x20x200 mm,46606,6780,PWO-L nobrand(OD-2) 600 nm,0,1,1,,,
27/04/2024,14h26,502,2,-90,33.5,37,,,0,0,PWO 20x20x200 mm,68267,6781,PWO-L nobrand(OD-2) 600 nm,0,1,1,scaler less by 2 counts,,
27/04/2024,14h30,503,2,-90,33.5,37,,,0,0,PWO 20x20x200 mm,55323,6782,PWO-L nobrand(OD-2) 600 nm,0,1,1,event number consistent with scaler,,
27/04/2024,15h34,504,2,-90,33.5,37,,,0,0,PWO 20x20x200 mm,?,6783,PWO-L O560 nm,1,0,0,Magnet was off for a while,,
27/04/2024,15h35,505,2,-90,33.5,37,,,0,0,PWO 20x20x200 mm,44149,6784,PWO-L O560 nm,0,1,1,,,
27/04/2024,15h38,506,2,-90,33.5,37,,,0,0,PWO 20x20x200 mm,41434,6785,PWO-L O560 nm,0,1,1,,,
27/04/2024,15h46,507,2,-80,33.5,37,,,0,0,PWO 20x20x200 mm,?,6786,PWO-L O560 nm,1,0,0,GUI frozen,,
27/04/2024,15h50,508,2,-80,33.5,37,,,0,0,PWO 20x20x200 mm,42692,6787,PWO-L O560 nm,0,1,1,,,
27/04/2024,15h54,509,2,-80,33.5,37,,,0,0,PWO 20x20x200 mm,42239,6788,PWO-L O560 nm,0,1,1,,,
27/04/2024,16h03,510,2,-60,33.5,37,,,0,0,PWO 20x20x200 mm,41938,6789,PWO-L O560 nm,0,1,1,,,
27/04/2024,16h06,511,2,-60,33.5,37,,,0,0,PWO 20x20x200 mm,41493,6790,PWO-L O560 nm,0,1,1,,,
27/04/2024,16h16,512,2,-30,33.5,37,,,0,0,PWO 20x20x200 mm,42505,6791,PWO-L O560 nm,0,1,1,,,
27/04/2024,16h19,513,2,-30,33.5,37,,,0,0,PWO 20x20x200 mm,41518,6792,PWO-L O560 nm,0,1,1,,,
27/04/2024,16h28,514,2,0,33.5,37,,,0,0,PWO 20x20x200 mm,42131,6793,PWO-L O560 nm,0,1,1,,,
27/04/2024,16h32,515,2,0,33.5,37,,,0,0,PWO 20x20x200 mm,42786,6794,PWO-L O560 nm,0,1,0,Mismatch of events between HG and LG,,
27/04/2024,16h36,516,2,0,33.5,37,,,0,0,PWO 20x20x200 mm,?,6795,PWO-L O560 nm,1,0,0,GUI froze,,
27/04/2024,16h38,517,2,0,33.5,37,,,0,0,PWO 20x20x200 mm,43388,6796,PWO-L O560 nm,0,1,1,,,
27/04/2024,16h50,518,2,30,33.5,37,,,0,0,PWO 20x20x200 mm,42858,6797,PWO-L O560 nm,0,1,1,,,
27/04/2024,16h53,519,2,30,33.5,37,,,0,0,PWO 20x20x200 mm,41431,6798,PWO-L O560 nm,0,1,1,Ch 6 probably back for LG,,
27/04/2024,17h02,520,2,60,33.5,37,,,0,0,PWO 20x20x200 mm,42980,6799,PWO-L O560 nm,0,1,1,,,
27/04/2024,17h05,521,2,60,33.5,37,,,0,0,PWO 20x20x200 mm,45288,6800,PWO-L O560 nm,0,1,1,,,
27/04/2024,17h14,522,2,80,33.5,37,,,0,0,PWO 20x20x200 mm,41867,6801,PWO-L O560 nm,0,1,1,,,
27/04/2024,17h16,523,2,80,33.5,37,,,0,0,PWO 20x20x200 mm,41308,6802,PWO-L O560 nm,0,1,0,Mismatch between HG and LG events,,
27/04/2024,17h19,524,2,80,33.5,37,,,0,0,PWO 20x20x200 mm,40779,6803,PWO-L O560 nm,0,1,1,,,
27/04/2024,17h28,525,2,90,33.5,37,,,0,0,PWO 20x20x200 mm,?,6804,PWO-L O560 nm,1,0,0,GUI froze,,
27/04/2024,17h33,526,2,90,33.5,37,,,0,0,PWO 20x20x200 mm,52158,6805,PWO-L O560 nm,0,1,1,,,
27/04/2024,17h36,527,2,90,33.5,37,,,0,0,PWO 20x20x200 mm,34916,6806,PWO-L O560 nm,0,1,1,,,
27/04/2024,17h57,528,-,0,-,37,,,-,-,-,30530,-,Broadcom SiPM LED Calibration run (rear only),0,1,1,Rear (low light) LED 1.45V BJT 58V,,
27/04/2024,17h58,529,-,0,-,37,,,-,-,-,27281,-,Broadcom SiPM LED Calibration run (rear only),0,1,1,Rear (low light) LED 1.35V BJT 58V,,
27/04/2024,17h59,530,-,0,-,37,,,-,-,-,?,-,Broadcom SiPM LED Calibration run (rear only),1,0,0,Rear (low light) LED 1.4V BJT 58V (crashed),,
27/04/2024,18h01,531,-,0,-,37,,,-,-,-,25718,-,Broadcom SiPM LED Calibration run (rear only),0,1,1,Rear (low light) LED 1.4V BJT 58V,,
27/04/2024,18h03,532,-,0,-,37,,,-,-,-,25575,-,Broadcom SiPM LED Calibration run (rear only),0,1,1,Rear (high light) LED 1.6V BJT 58V,,
27/04/2024,18h04,533,-,0,-,35,,,-,-,-,?,-,Broadcom SiPM LED Calibration run (rear only),1,0,0,Rear (high light) LED 1.6V BJT 58V (crashed),,
27/04/2024,18h05,534,-,0,-,35,,,-,-,-,30829,-,Broadcom SiPM LED Calibration run (rear only),0,1,1,Rear (high light) LED 1.6V BJT 58V,,
27/04/2024,18h06,535,-,0,-,35,,,-,-,-,?,-,Broadcom SiPM LED Calibration run (rear only),1,0,0,Rear (low light) LED 1.4V BJT 58V (crashed),,
27/04/2024,18h07,536,-,0,-,35,,,-,-,-,34693,-,Broadcom SiPM LED Calibration run (rear only),0,1,1,Rear (low light) LED 1.4V BJT 58V,,
27/04/2024,18h09,537,-,0,-,33.5,,,-,-,-,32571,-,Broadcom SiPM LED Calibration run (rear only),0,1,1,Rear (low light) LED 1.5V BJT 58V,,
27/04/2024,18h10,538,-,0,-,33.5,,,-,-,-,?,-,Broadcom SiPM LED Calibration run (rear only),1,0,0,Rear (high light) LED 1.7V BJT 58V (crashed),,
27/04/2024,18h01,539,-,0,-,33.5,,,-,-,-,32200,-,Broadcom SiPM LED Calibration run (rear only),0,1,1,Rear (high light) LED 1.7V BJT 58V,,
27/04/2024,18h38,540,2,90,37,37,,,0,0,PbF 2.5x2.5x20cm3,?,6807,"PbF2 Rear R64, Front RG610",1,0,0,GUI Froze,,
27/04/2024,18h42,541,2,90,37,37,,,0,0,PbF 2.5x2.5x20cm3,?,6808,"PbF2 Rear R64, Front RG610",1,0,0,DAQ COntrol not working,,
27/04/2024,18h43,542,2,90,37,37,,,0,0,PbF 2.5x2.5x20cm3,?,6809,"PbF2 Rear R64, Front RG610",1,0,0,DAQ COntrol not working,,
27/04/2024,18h44,543,2,90,37,37,,,0,0,PbF 2.5x2.5x20cm3,?,6810,"PbF2 Rear R64, Front RG610",1,0,0,DAQ Contol not working,,
27/04/2024,18h50,544,2,90,37,37,,,0,0,PbF 2.5x2.5x20cm3,?,6811,"PbF2 Rear R64, Front RG610",1,0,0,DAQ still not writing files --> seems to be pulser issue,,
27/04/2024,18h56,545,2,90,37,37,,,0,0,PbF 2.5x2.5x20cm3,?,-,"PbF2 Rear R64, Front RG610",1,0,0,have triggers even with the daq disabled,,
27/04/2024,19h17,546,2,90,37,37,,,0,0,PbF 2.5x2.5x20cm3,32746,6812,"PbF2 Rear R64, Front RG610",0,1,1,,,
27/04/2024,19h19,547,2,90,37,37,,,0,0,PbF 2.5x2.5x20cm3,33483,6813,"PbF2 Rear R64, Front RG610",0,1,1,,,
27/04/2024,22h05,548,2,80,37,37,,,0,0,PbF 2.5x2.5x20cm3,31156,6814,"PbF2 Rear R64, Front RG610",0,1,0,First Run without telescope data - got out of configuration,,telescope lost connection without poping up errors. no data written for these runs
27/04/2024,22h09,549,2,80,37,37,,,0,0,PbF 2.5x2.5x20cm3,31636,6815,"PbF2 Rear R64, Front RG610",0,1,0,out of sync w. telescope,,
27/04/2024,22h11,550,2,80,37,37,,,0,0,PbF 2.5x2.5x20cm3,31859,6816,"PbF2 Rear R64, Front RG610",0,1,0,,,
27/04/2024,22h19,551,2,60,37,37,,,0,0,PbF 2.5x2.5x20cm3,33500,6817,"PbF2 Rear R64, Front RG610",0,1,0,,,
27/04/2024,22h21,552,2,60,37,37,,,0,0,PbF 2.5x2.5x20cm3,30904,6818,"PbF2 Rear R64, Front RG610",0,1,0,DRSs out of syn,,
27/04/2024,22h24,553,2,60,37,37,,,0,0,PbF 2.5x2.5x20cm3,33044,6819,"PbF2 Rear R64, Front RG610",0,1,0,,,
27/04/2024,22h32,554,2,30,37,37,,,0,0,PbF 2.5x2.5x20cm3,35253,6820,"PbF2 Rear R64, Front RG610",0,1,0,,,
27/04/2024,22h35,555,2,30,37,37,,,0,0,PbF 2.5x2.5x20cm3,36149,6821,"PbF2 Rear R64, Front RG610",0,1,0,telescope out of sync,,
27/04/2024,22h39,556,2,30,37,37,,,0,0,PbF 2.5x2.5x20cm3,31613,6822,"PbF2 Rear R64, Front RG610",0,1,0,,,
27/04/2024,22h47,557,2,0,37,37,,,0,0,PbF 2.5x2.5x20cm3,32329,6823,"PbF2 Rear R64, Front RG610",0,1,0,,,
27/04/2024,22h49,558,2,0,37,37,,,0,0,PbF 2.5x2.5x20cm3,?,6824,"PbF2 Rear R64, Front RG610",1,0,0,gui froze,,
27/04/2024,22h53,559,2,0,37,37,,,0,0,PbF 2.5x2.5x20cm3,32685,6825,"PbF2 Rear R64, Front RG610",0,1,0,,,
27/04/2024,23h02,560,2,-30,37,37,,,0,0,PbF 2.5x2.5x20cm3,33488,6826,"PbF2 Rear R64, Front RG610",0,1,0,,,
27/04/2024,23h04,561,2,-30,37,37,,,0,0,PbF 2.5x2.5x20cm3,34801,6827,"PbF2 Rear R64, Front RG610",0,1,0,,,
27/04/2024,23h13,562,2,-60,37,37,,,0,0,PbF 2.5x2.5x20cm3,32807,6828,"PbF2 Rear R64, Front RG610",0,1,0,,,
27/04/2024,23h16,563,2,-60,37,37,,,0,0,PbF 2.5x2.5x20cm3,33522,6829,"PbF2 Rear R64, Front RG610",0,1,0,,,
27/04/2024,23h24,564,2,-80,37,37,,,0,0,PbF 2.5x2.5x20cm3,34821,6830,"PbF2 Rear R64, Front RG610",0,1,0,,,
27/04/2024,23h27,565,2,-80,37,37,,,0,0,PbF 2.5x2.5x20cm3,32673,6831,"PbF2 Rear R64, Front RG610",0,1,0,out of sync with the telescope,,
27/04/2024,23h31,566,2,-80,37,37,,,0,0,PbF 2.5x2.5x20cm3,35120,6832,"PbF2 Rear R64, Front RG610",0,1,0,,,
27/04/2024,23h40,567,2,-90,37,37,,,0,0,PbF 2.5x2.5x20cm3,33702,6833,"PbF2 Rear R64, Front RG610",0,1,0,,,
27/04/2024,23h44,568,2,-90,37,37,,,0,0,PbF 2.5x2.5x20cm3,34216,6834,"PbF2 Rear R64, Front RG610",1,0,0,gui froze so no output,,
27/04/2024,23h49,569,2,-90,37,37,,,0,0,PbF 2.5x2.5x20cm3,35623,6835,"PbF2 Rear R64, Front RG610",0,1,0,,,
28/04/2024,08h46,570,2,-90,33.5,37,,,0,0,PWO 20x20x200 mm,31320,6836,"PWO-L RG610 on rear, angle scan",0,1,0,channel 6 may be alive?,,
28/04/2024,08h48,571,2,-90,33.5,37,,,0,0,PWO 20x20x200 mm,32742,6837,"PWO-L RG610 on rear, angle scan",0,1,0,scaler count short by 1,,
28/04/2024,09h02,572,2,-80,33.5,37,,,0,0,PWO 20x20x200 mm,?,6838,"PWO-L RG610 on rear, angle scan",1,0,0,gui froze,,
28/04/2024,09h6,573,2,-80,33.5,37,,,0,0,PWO 20x20x200 mm,32767,6839,"PWO-L RG610 on rear, angle scan",0,1,0,,,
28/04/2024,09h09,574,2,-80,33.5,37,,,0,0,PWO 20x20x200 mm,34726,6840,"PWO-L RG610 on rear, angle scan",0,1,0,,,
28/04/2024,09h17,575,2,-60,33.5,37,,,0,0,PWO 20x20x200 mm,?,6841,"PWO-L RG610 on rear, angle scan",1,0,0,gui froze,,
28/04/2024,09h19,576,2,-60,33.5,37,,,0,0,PWO 20x20x200 mm,34849,6842,"PWO-L RG610 on rear, angle scan",0,1,0,,,
28/04/2024,09h36,577,2,-60,33.5,37,,,0,0,PWO 20x20x200 mm,?,6844,"PWO-L RG610 on rear, angle scan",1,0,0,beam was off,,
28/04/2024,09h38,578,2,-60,33.5,37,,,0,0,PWO 20x20x200 mm,?,6845,"PWO-L RG610 on rear, angle scan",1,0,0,gui broken,,
28/04/2024,09h41,579,2,-60,33.5,37,,,0,0,PWO 20x20x200 mm,37916,6846,"PWO-L RG610 on rear, angle scan",0,1,1,,,
28/04/2024,09h48,580,2,-30,33.5,37,,,0,0,PWO 20x20x200 mm,41452,6847,"PWO-L RG610 on rear, angle scan",0,1,1,**Reference Si-Telescope Run**,,
28/04/2024,09h50,581,2,-30,33.5,37,,,0,0,PWO 20x20x200 mm,24010,6848,"PWO-L RG610 on rear, angle scan",0,1,1,,,
28/04/2024,10h02,582,2,0,33.5,37,,,0,0,PWO 20x20x200 mm,31380,6849,"PWO-L RG610 on rear, angle scan",0,1,1,,,
28/04/2024,10h04,583,2,0,33.5,37,,,0,0,PWO 20x20x200 mm,33900,6850,"PWO-L RG610 on rear, angle scan",0,1,1,,,
28/04/2024,10h12,584,2,30,33.5,37,,,0,0,PWO 20x20x200 mm,32194,6851,"PWO-L RG610 on rear, angle scan",0,1,1,,,
28/04/2024,10h16,585,2,30,33.5,37,,,0,0,PWO 20x20x200 mm,33815,6852,"PWO-L RG610 on rear, angle scan",0,1,1,,,
28/04/2024,10h24,586,2,60,33.5,37,,,0,0,PWO 20x20x200 mm,31750,6853,"PWO-L RG610 on rear, angle scan",0,1,1,**Reference Si-Telescope Run**,,
28/04/2024,10h26,587,2,60,33.5,37,,,0,0,PWO 20x20x200 mm,34766,6854,"PWO-L RG610 on rear, angle scan",0,1,1,,,
28/04/2024,10h33,588,2,80,33.5,37,,,0,0,PWO 20x20x200 mm,35247,6855,"PWO-L RG610 on rear, angle scan",0,1,1,**Reference Si-Telescope Run**,,
28/04/2024,10h35,589,2,80,33.5,37,,,0,0,PWO 20x20x200 mm,?,6856,"PWO-L RG610 on rear, angle scan",1,0,0,gui froze,,
28/04/2024,10h42,590,2,80,33.5,37,,,0,0,PWO 20x20x200 mm,?,-,"PWO-L RG610 on rear, angle scan",1,0,0,daq not disabled,,
28/04/2024,10h43,591,2,80,33.5,37,,,0,0,PWO 20x20x200 mm,33802,6857,"PWO-L RG610 on rear, angle scan",0,1,1,,,
28/04/2024,10h51,592,2,90,33.5,37,,,0,0,PWO 20x20x200 mm,35112,6858,"PWO-L RG610 on rear, angle scan",0,1,0,DRSs out of sync,,
28/04/2024,10h53,593,2,90,33.5,37,,,0,0,PWO 20x20x200 mm,37020,6859,"PWO-L RG610 on rear, angle scan",0,1,1,,,
28/04/2024,10h56,594,2,90,33.5,37,,,0,0,PWO 20x20x200 mm,40903,6860,"PWO-L RG610 on rear, angle scan",0,1,1,,,
,11h02,595,2,90,33.5,37,,,0,0,PWO 20x20x200 mm,7308,6861,"PWO-L RG610 on rear, digitizer sampling rate test",0,1,1,"5 GHz sampling low and high gain, not catching rising edge, post trigger 75",,
,11h06,596,2,90,33.5,37,,,0,0,PWO 20x20x200 mm,9729,6862,"PWO-L RG610 on rear, digitizer sampling rate test",0,1,1,"2.5 GHz sampling low and high gain, not catchin rising edge, post trigger 75",,
,11h09,597,2,90,33.5,37,,,0,0,PWO 20x20x200 mm,57540,6863,"PWO-L RG610 on rear, digitizer sampling rate test",0,1,1,"2.5 GHz sampling low and high gain, post trigger 25, seeing samples",,
,11h14,598,2,90,33.5,37,,,0,0,PWO 20x20x200 mm,33003,6864,"PWO-L RG610 on rear, digitizer sampling rate test",0,1,1,"2.5 GHz sampling low and high gain, post trigger 25, seeing samples",,
,11h17,599,2,90,33.5,37,,,0,0,PWO 20x20x200 mm,32355,6865,"PWO-L RG610 on rear, digitizer sampling rate test",0,1,1,"2.5 GHz sampling low and high gain, post trigger 50, seeing more of pulse",,
,11h20,600,2,90,33.5,37,,,0,0,PWO 20x20x200 mm,51255,6866,"PWO-L RG610 on rear, digitizer sampling rate test",0,1,1,"2.5 GHz sampling low and high gain, post trigger 50, seeing more of pulse",,
,11h24,601,2,90,33.5,37,,,0,0,PWO 20x20x200 mm,?,6867,"PWO-L RG610 on rear, digitizer sampling rate test",0,1,1,"2.5 GHz sampling low and high gain, post trigger 65, seeing almost all of pulse -- GUI froze",,
,11h27,602,2,90,33.5,37,,,0,0,PWO 20x20x200 mm,?,-,"PWO-L RG610 on rear, digitizer sampling rate test",1,0,0,did not disable daq,,
,11h27,603,2,90,33.5,37,,,0,0,PWO 20x20x200 mm,40349,6868,"PWO-L RG610 on rear, digitizer sampling rate test",0,1,1,"1 GHz sampling, post trigger 65",,
,11h31,604,2,90,33.5,37,,,0,0,PWO 20x20x200 mm,52079,6869,"PWO-L RG610 on rear, digitizer sampling rate test",0,1,1,"1 GHz sampling, post trigger 65",,
,11h33,605,2,90,33.5,37,,,0,0,PWO 20x20x200 mm,40746,6870,"PWO-L RG610 on rear, digitizer sampling rate test",0,1,1,"1 GHz sampling, post trigger 65",,
,11h35,606,2,90,33.5,37,,,0,0,PWO 20x20x200 mm,33258,6871,"PWO-L RG610 on rear, digitizer sampling rate test",0,1,1,"1 GHz sampling, post trigger 65",,
,11h39,607,2,90,33.5,37,,,0,0,PWO 20x20x200 mm,53431,6872,"PWO-L RG610 on rear, digitizer sampling rate test",0,1,1,"2.5 GHz sampling, post trigger 65",,
,11h42,608,2,90,33.5,37,,,0,0,PWO 20x20x200 mm,50798,6873,"PWO-L RG610 on rear, digitizer sampling rate test",0,1,1,"2.5 GHz sampling, post trigger 65",,
,11h45,609,2,90,33.5,37,,,0,0,PWO 20x20x200 mm,52397,6874,"PWO-L RG610 on rear, digitizer sampling rate test",0,1,1,"2.5 GHz sampling, post trigger 65",,
,11h50,610,2,90,33.5,37,,,0,0,PWO 20x20x200 mm,8394,6875,"PWO-L RG610 on rear, digitizer sampling rate test",0,1,1,"5 GHz sampling, post trigger 50",,
,11h51,611,2,90,33.5,37,,,0,0,PWO 20x20x200 mm,?,6876,"PWO-L RG610 on rear, digitizer sampling rate test",1,0,0,"5 GHz sampling, post trigger 30 -- GUI Freeze",,
,11h55,612,2,90,33.5,37,,,0,0,PWO 20x20x200 mm,?,-,"PWO-L RG610 on rear, digitizer sampling rate test",1,0,0,"5 GHz sampling, post trigger 30 -- no daq disable",,
,11h56,613,2,90,33.5,37,,,0,0,PWO 20x20x200 mm,50380,6877,"PWO-L RG610 on rear, digitizer sampling rate test",0,1,1,"5 GHz sampling, post trigger 30",,
,11h59,614,2,90,33.5,37,,,0,0,PWO 20x20x200 mm,55978,6878,"PWO-L RG610 on rear, digitizer sampling rate test",0,1,1,"5 GHz sampling, post trigger 30",,
,12h01,615,2,90,33.5,37,,,0,0,PWO 20x20x200 mm,55506,6879,"PWO-L RG610 on rear, digitizer sampling rate test",0,1,1,"5 GHz sampling, post trigger 30",,
,12h05,616,4,90,33.5,37,,,0,0,PWO 20x20x200 mm,51850,6880,"PWO-L RG610 on rear, digitizer sampling rate test",0,1,1,"5 GHz sampling, post trigger 30",,
,12h10,617,4,90,33.5,37,,,0,0,PWO 20x20x200 mm,52597,6881,"PWO-L RG610 on rear, digitizer sampling rate test",0,1,1,"2.5 GHz sampling, post trigger 65",,
,12h16,618,5,90,33.5,37,,,0,0,PWO 20x20x200 mm,51095,6882,"PWO-L RG610 on rear, digitizer sampling rate test",0,1,1,"2.5 GHz sampling, post trigger 65",,
,12h31,619,4,70,33.5,37,,,0,0,PWO 20x20x200 mm,?,6883,"PWO-L RG610 on rear, digitizer sampling rate test",1,0,0,"2.5 GHz sampling, post trigger 65 -- GUI froze",,
,12h31,620,4,70,33.5,37,,,0,0,PWO 20x20x200 mm,50525,6884,"PWO-L RG610 on rear, digitizer sampling rate test",0,1,1,"2.5 GHz sampling, post trigger 65",,
,12h37,621,2,70,33.5,37,,,0,0,PWO 20x20x200 mm,55136,6885,"PWO-L RG610 on rear, digitizer sampling rate test",0,1,0,"2.5 GHz sampling, post trigger 65, out of sync with the telescope",,
,12h42,622,2,70,33.5,37,,,0,0,PWO 20x20x200 mm,44125,6886,"PWO-L RG610 on rear, digitizer sampling rate test",0,1,1,"2.5 GHz sampling, post trigger 65",,
,,,,,,,,,,,,,,,90,458,397,,,
